payment_id,order_id,payment_date,payment_method,payment_status
50001,10001,2026-01-01,UPI,Failed
50002,10002,2026-01-02,Card,Successful
50003,10003,2026-01-03,NetBanking,Successful
50004,10004,2026-01-04,UPI,Successful
50006,10006,2026-01-06,NetBanking,Successful
50007,10007,2026-01-07,UPI,Successful
50008,10008,2026-01-08,Card,Successful
50009,10009,2026-01-09,NetBanking,Successful
50011,10011,2026-01-11,Card,Successful
50012,10012,2026-01-12,NetBanking,Failed
50013,10013,2026-01-13,UPI,Successful
50014,10014,2026-01-14,Card,Successful
50016,10016,2026-01-16,UPI,Successful
50017,10017,2026-01-17,Card,Successful
50018,10018,2026-01-18,NetBanking,Successful
50019,10019,2026-01-19,UPI,Successful
50021,10021,2026-01-21,NetBanking,Successful
50022,10022,2026-01-22,UPI,Successful
50023,10023,2026-01-23,Card,Failed
50024,10024,2026-01-24,NetBanking,Successful
50026,10026,2026-01-26,Card,Successful
50027,10027,2026-01-27,NetBanking,Successful
50028,10028,2026-01-28,UPI,Successful
50029,10029,2026-01-29,Card,Successful
50031,10031,2026-01-31,UPI,Successful
50032,10032,2026-02-01,Card,Successful
50033,10033,2026-02-02,NetBanking,Successful
50034,10034,2026-02-03,UPI,Failed
50036,10036,2026-02-05,NetBanking,Successful
50037,10037,2026-02-06,UPI,Successful
50038,10038,2026-02-07,Card,Successful
50039,10039,2026-02-08,NetBanking,Successful
50041,10041,2026-02-10,Card,Successful
50042,10042,2026-02-11,NetBanking,Successful
50043,10043,2026-02-12,UPI,Successful
50044,10044,2026-02-13,Card,Successful
50046,10046,2026-02-15,UPI,Successful
50047,10047,2026-02-16,Card,Successful
50048,10048,2026-02-17,NetBanking,Successful
50049,10049,2026-02-18,UPI,Successful
50051,10051,2026-02-20,NetBanking,Successful
50052,10052,2026-02-21,UPI,Successful
50053,10053,2026-02-22,Card,Successful
50054,10054,2026-02-23,NetBanking,Successful
50056,10056,2026-02-25,Card,Failed
50057,10057,2026-02-26,NetBanking,Successful
50058,10058,2026-02-27,UPI,Successful
50059,10059,2026-02-28,Card,Successful
50061,10061,2026-03-02,UPI,Successful
50062,10062,2026-03-03,Card,Successful
50063,10063,2026-03-04,NetBanking,Successful
50064,10064,2026-03-05,UPI,Successful
50066,10066,2026-03-07,NetBanking,Successful
50067,10067,2026-03-08,UPI,Failed
50068,10068,2026-03-09,Card,Successful
50069,10069,2026-03-10,NetBanking,Successful
50071,10071,2026-03-12,Card,Successful
50072,10072,2026-03-13,NetBanking,Successful
50073,10073,2026-03-14,UPI,Successful
50074,10074,2026-03-15,Card,Successful
50076,10076,2026-03-17,UPI,Successful
50077,10077,2026-03-18,Card,Successful
50078,10078,2026-03-19,NetBanking,Failed
50079,10079,2026-03-20,UPI,Successful
50081,10081,2026-03-22,NetBanking,Successful
50082,10082,2026-03-23,UPI,Successful
50083,10083,2026-03-24,Card,Successful
50084,10084,2026-03-25,NetBanking,Successful
50086,10086,2026-03-27,Card,Successful
50087,10087,2026-03-28,NetBanking,Successful
50088,10088,2026-03-29,UPI,Successful
50089,10089,2026-03-30,Card,Failed
50091,10091,2026-04-01,UPI,Successful
50092,10092,2026-04-02,Card,Successful
50093,10093,2026-04-03,NetBanking,Successful
50094,10094,2026-04-04,UPI,Successful
50096,10096,2026-04-06,NetBanking,Successful
50097,10097,2026-04-07,UPI,Successful
50098,10098,2026-04-08,Card,Successful
50099,10099,2026-04-09,NetBanking,Successful
50101,10101,2026-04-11,Card,Successful
50102,10102,2026-04-12,NetBanking,Successful
50103,10103,2026-04-13,UPI,Successful
50104,10104,2026-04-14,Card,Successful
50106,10106,2026-04-16,UPI,Successful
50107,10107,2026-04-17,Card,Successful
50108,10108,2026-04-18,NetBanking,Successful
50109,10109,2026-04-19,UPI,Successful
50111,10111,2026-04-21,NetBanking,Failed
50112,10112,2026-04-22,UPI,Successful
50113,10113,2026-04-23,Card,Successful
50114,10114,2026-04-24,NetBanking,Successful
50116,10116,2026-04-26,Card,Successful
50117,10117,2026-04-27,NetBanking,Successful
50118,10118,2026-04-28,UPI,Successful
50119,10119,2026-04-29,Card,Successful
50121,10121,2026-05-01,UPI,Successful
50122,10122,2026-05-02,Card,Failed
50123,10123,2026-05-03,NetBanking,Successful
50124,10124,2026-05-04,UPI,Successful
50126,10126,2026-05-06,NetBanking,Successful
50127,10127,2026-05-07,UPI,Successful
50128,10128,2026-05-08,Card,Successful
50129,10129,2026-05-09,NetBanking,Successful
50131,10131,2026-05-11,Card,Successful
50132,10132,2026-05-12,NetBanking,Successful
50133,10133,2026-05-13,UPI,Failed
50134,10134,2026-05-14,Card,Successful
50136,10136,2026-05-16,UPI,Successful
50137,10137,2026-05-17,Card,Successful
50138,10138,2026-05-18,NetBanking,Successful
50139,10139,2026-05-19,UPI,Successful
50141,10141,2026-05-21,NetBanking,Successful
50142,10142,2026-05-22,UPI,Successful
50143,10143,2026-05-23,Card,Successful
50144,10144,2026-05-24,NetBanking,Failed
50146,10146,2026-05-26,Card,Successful
50147,10147,2026-05-27,NetBanking,Successful
50148,10148,2026-05-28,UPI,Successful
50149,10149,2026-05-29,Card,Successful
50151,10151,2026-05-31,UPI,Successful
50152,10152,2026-06-01,Card,Successful
50153,10153,2026-06-02,NetBanking,Successful
50154,10154,2026-06-03,UPI,Successful
50156,10156,2026-06-05,NetBanking,Successful
50157,10157,2026-06-06,UPI,Successful
50158,10158,2026-06-07,Card,Successful
50159,10159,2026-06-08,NetBanking,Successful
50161,10161,2026-06-10,Card,Successful
50162,10162,2026-06-11,NetBanking,Successful
50163,10163,2026-06-12,UPI,Successful
50164,10164,2026-06-13,Card,Successful
50166,10166,2026-06-15,UPI,Failed
50167,10167,2026-06-16,Card,Successful
50168,10168,2026-06-17,NetBanking,Successful
50169,10169,2026-06-18,UPI,Successful
50171,10171,2026-06-20,NetBanking,Successful
50172,10172,2026-06-21,UPI,Successful
50173,10173,2026-06-22,Card,Successful
50174,10174,2026-06-23,NetBanking,Successful
50176,10176,2026-06-25,Card,Successful
50177,10177,2026-06-26,NetBanking,Failed
50178,10178,2026-06-27,UPI,Successful
50179,10179,2026-06-28,Card,Successful
50181,10181,2026-06-30,UPI,Successful
50182,10182,2026-07-01,Card,Successful
50183,10183,2026-07-02,NetBanking,Successful
50184,10184,2026-07-03,UPI,Successful
50186,10186,2026-07-05,NetBanking,Successful
50187,10187,2026-07-06,UPI,Successful
50188,10188,2026-07-07,Card,Failed
50189,10189,2026-07-08,NetBanking,Successful
50191,10191,2026-07-10,Card,Successful
50192,10192,2026-07-11,NetBanking,Successful
50193,10193,2026-07-12,UPI,Successful
50194,10194,2026-07-13,Card,Successful
50196,10196,2026-07-15,UPI,Successful
50197,10197,2026-07-16,Card,Successful
50198,10198,2026-07-17,NetBanking,Successful
50199,10199,2026-07-18,UPI,Failed
50201,10201,2026-07-20,NetBanking,Successful
50202,10202,2026-07-21,UPI,Successful
50203,10203,2026-07-22,Card,Successful
50204,10204,2026-07-23,NetBanking,Successful
50206,10206,2026-07-25,Card,Successful
50207,10207,2026-07-26,NetBanking,Successful
50208,10208,2026-07-27,UPI,Successful
50209,10209,2026-07-28,Card,Successful
50211,10211,2026-07-30,UPI,Successful
50212,10212,2026-07-31,Card,Successful
50213,10213,2026-08-01,NetBanking,Successful
50214,10214,2026-08-02,UPI,Successful
50216,10216,2026-08-04,NetBanking,Successful
50217,10217,2026-08-05,UPI,Successful
50218,10218,2026-08-06,Card,Successful
50219,10219,2026-08-07,NetBanking,Successful
50221,10221,2026-08-09,Card,Failed
50222,10222,2026-08-10,NetBanking,Successful
50223,10223,2026-08-11,UPI,Successful
50224,10224,2026-08-12,Card,Successful
50226,10226,2026-08-14,UPI,Successful
50227,10227,2026-08-15,Card,Successful
50228,10228,2026-08-16,NetBanking,Successful
50229,10229,2026-08-17,UPI,Successful
50231,10231,2026-08-19,NetBanking,Successful
50232,10232,2026-08-20,UPI,Failed
50233,10233,2026-08-21,Card,Successful
50234,10234,2026-08-22,NetBanking,Successful
50236,10236,2026-08-24,Card,Successful
50237,10237,2026-08-25,NetBanking,Successful
50238,10238,2026-08-26,UPI,Successful
50239,10239,2026-08-27,Card,Successful
50241,10241,2026-01-01,UPI,Successful
50242,10242,2026-01-02,Card,Successful
50243,10243,2026-01-03,NetBanking,Failed
50244,10244,2026-01-04,UPI,Successful
50246,10246,2026-01-06,NetBanking,Successful
50247,10247,2026-01-07,UPI,Successful
50248,10248,2026-01-08,Card,Successful
50249,10249,2026-01-09,NetBanking,Successful
50251,10251,2026-01-11,Card,Successful
50252,10252,2026-01-12,NetBanking,Successful
50253,10253,2026-01-13,UPI,Successful
50254,10254,2026-01-14,Card,Failed
50256,10256,2026-01-16,UPI,Successful
50257,10257,2026-01-17,Card,Successful
50258,10258,2026-01-18,NetBanking,Successful
50259,10259,2026-01-19,UPI,Successful
50261,10261,2026-01-21,NetBanking,Successful
50262,10262,2026-01-22,UPI,Successful
50263,10263,2026-01-23,Card,Successful
50264,10264,2026-01-24,NetBanking,Successful
50266,10266,2026-01-26,Card,Successful
50267,10267,2026-01-27,NetBanking,Successful
50268,10268,2026-01-28,UPI,Successful
50269,10269,2026-01-29,Card,Successful
50271,10271,2026-01-31,UPI,Successful
50272,10272,2026-02-01,Card,Successful
50273,10273,2026-02-02,NetBanking,Successful
50274,10274,2026-02-03,UPI,Successful
50276,10276,2026-02-05,NetBanking,Failed
50277,10277,2026-02-06,UPI,Successful
50278,10278,2026-02-07,Card,Successful
50279,10279,2026-02-08,NetBanking,Successful
50281,10281,2026-02-10,Card,Successful
50282,10282,2026-02-11,NetBanking,Successful
50283,10283,2026-02-12,UPI,Successful
50284,10284,2026-02-13,Card,Successful
50286,10286,2026-02-15,UPI,Successful
50287,10287,2026-02-16,Card,Failed
50288,10288,2026-02-17,NetBanking,Successful
50289,10289,2026-02-18,UPI,Successful
50291,10291,2026-02-20,NetBanking,Successful
50292,10292,2026-02-21,UPI,Successful
50293,10293,2026-02-22,Card,Successful
50294,10294,2026-02-23,NetBanking,Successful
50296,10296,2026-02-25,Card,Successful
50297,10297,2026-02-26,NetBanking,Successful
50298,10298,2026-02-27,UPI,Failed
50299,10299,2026-02-28,Card,Successful
50301,10301,2026-03-02,UPI,Successful
50302,10302,2026-03-03,Card,Successful
50303,10303,2026-03-04,NetBanking,Successful
50304,10304,2026-03-05,UPI,Successful
50306,10306,2026-03-07,NetBanking,Successful
50307,10307,2026-03-08,UPI,Successful
50308,10308,2026-03-09,Card,Successful
50309,10309,2026-03-10,NetBanking,Failed
50311,10311,2026-03-12,Card,Successful
50312,10312,2026-03-13,NetBanking,Successful
50313,10313,2026-03-14,UPI,Successful
50314,10314,2026-03-15,Card,Successful
50316,10316,2026-03-17,UPI,Successful
50317,10317,2026-03-18,Card,Successful
50318,10318,2026-03-19,NetBanking,Successful
50319,10319,2026-03-20,UPI,Successful
50321,10321,2026-03-22,NetBanking,Successful
50322,10322,2026-03-23,UPI,Successful
50323,10323,2026-03-24,Card,Successful
50324,10324,2026-03-25,NetBanking,Successful
50326,10326,2026-03-27,Card,Successful
50327,10327,2026-03-28,NetBanking,Successful
50328,10328,2026-03-29,UPI,Successful
50329,10329,2026-03-30,Card,Successful
50331,10331,2026-04-01,UPI,Failed
50332,10332,2026-04-02,Card,Successful
50333,10333,2026-04-03,NetBanking,Successful
50334,10334,2026-04-04,UPI,Successful
50336,10336,2026-04-06,NetBanking,Successful
50337,10337,2026-04-07,UPI,Successful
50338,10338,2026-04-08,Card,Successful
50339,10339,2026-04-09,NetBanking,Successful
50341,10341,2026-04-11,Card,Successful
50342,10342,2026-04-12,NetBanking,Failed
50343,10343,2026-04-13,UPI,Successful
50344,10344,2026-04-14,Card,Successful
50346,10346,2026-04-16,UPI,Successful
50347,10347,2026-04-17,Card,Successful
50348,10348,2026-04-18,NetBanking,Successful
50349,10349,2026-04-19,UPI,Successful
50351,10351,2026-04-21,NetBanking,Successful
50352,10352,2026-04-22,UPI,Successful
50353,10353,2026-04-23,Card,Failed
50354,10354,2026-04-24,NetBanking,Successful
50356,10356,2026-04-26,Card,Successful
50357,10357,2026-04-27,NetBanking,Successful
50358,10358,2026-04-28,UPI,Successful
50359,10359,2026-04-29,Card,Successful
50361,10361,2026-05-01,UPI,Successful
50362,10362,2026-05-02,Card,Successful
50363,10363,2026-05-03,NetBanking,Successful
50364,10364,2026-05-04,UPI,Failed
50366,10366,2026-05-06,NetBanking,Successful
50367,10367,2026-05-07,UPI,Successful
50368,10368,2026-05-08,Card,Successful
50369,10369,2026-05-09,NetBanking,Successful
50371,10371,2026-05-11,Card,Successful
50372,10372,2026-05-12,NetBanking,Successful
50373,10373,2026-05-13,UPI,Successful
50374,10374,2026-05-14,Card,Successful
50376,10376,2026-05-16,UPI,Successful
50377,10377,2026-05-17,Card,Successful
50378,10378,2026-05-18,NetBanking,Successful
50379,10379,2026-05-19,UPI,Successful
50381,10381,2026-05-21,NetBanking,Successful
50382,10382,2026-05-22,UPI,Successful
50383,10383,2026-05-23,Card,Successful
50384,10384,2026-05-24,NetBanking,Successful
50386,10386,2026-05-26,Card,Failed
50387,10387,2026-05-27,NetBanking,Successful
50388,10388,2026-05-28,UPI,Successful
50389,10389,2026-05-29,Card,Successful
50391,10391,2026-05-31,UPI,Successful
50392,10392,2026-06-01,Card,Successful
50393,10393,2026-06-02,NetBanking,Successful
50394,10394,2026-06-03,UPI,Successful
50396,10396,2026-06-05,NetBanking,Successful
50397,10397,2026-06-06,UPI,Failed
50398,10398,2026-06-07,Card,Successful
50399,10399,2026-06-08,NetBanking,Successful
50401,10401,2026-06-10,Card,Successful
50402,10402,2026-06-11,NetBanking,Successful
50403,10403,2026-06-12,UPI,Successful
50404,10404,2026-06-13,Card,Successful
50406,10406,2026-06-15,UPI,Successful
50407,10407,2026-06-16,Card,Successful
50408,10408,2026-06-17,NetBanking,Failed
50409,10409,2026-06-18,UPI,Successful
50411,10411,2026-06-20,NetBanking,Successful
50412,10412,2026-06-21,UPI,Successful
50413,10413,2026-06-22,Card,Successful
50414,10414,2026-06-23,NetBanking,Successful
50416,10416,2026-06-25,Card,Successful
50417,10417,2026-06-26,NetBanking,Successful
50418,10418,2026-06-27,UPI,Successful
50419,10419,2026-06-28,Card,Failed
50421,10421,2026-06-30,UPI,Successful
50422,10422,2026-07-01,Card,Successful
50423,10423,2026-07-02,NetBanking,Successful
50424,10424,2026-07-03,UPI,Successful
50426,10426,2026-07-05,NetBanking,Successful
50427,10427,2026-07-06,UPI,Successful
50428,10428,2026-07-07,Card,Successful
50429,10429,2026-07-08,NetBanking,Successful
50431,10431,2026-07-10,Card,Successful
50432,10432,2026-07-11,NetBanking,Successful
50433,10433,2026-07-12,UPI,Successful
50434,10434,2026-07-13,Card,Successful
50436,10436,2026-07-15,UPI,Successful
50437,10437,2026-07-16,Card,Successful
50438,10438,2026-07-17,NetBanking,Successful
50439,10439,2026-07-18,UPI,Successful
50441,10441,2026-07-20,NetBanking,Failed
50442,10442,2026-07-21,UPI,Successful
50443,10443,2026-07-22,Card,Successful
50444,10444,2026-07-23,NetBanking,Successful
50446,10446,2026-07-25,Card,Successful
50447,10447,2026-07-26,NetBanking,Successful
50448,10448,2026-07-27,UPI,Successful
50449,10449,2026-07-28,Card,Successful
50451,10451,2026-07-30,UPI,Successful
50452,10452,2026-07-31,Card,Failed
50453,10453,2026-08-01,NetBanking,Successful
50454,10454,2026-08-02,UPI,Successful
50456,10456,2026-08-04,NetBanking,Successful
50457,10457,2026-08-05,UPI,Successful
50458,10458,2026-08-06,Card,Successful
50459,10459,2026-08-07,NetBanking,Successful
50461,10461,2026-08-09,Card,Successful
50462,10462,2026-08-10,NetBanking,Successful
50463,10463,2026-08-11,UPI,Failed
50464,10464,2026-08-12,Card,Successful
50466,10466,2026-08-14,UPI,Successful
50467,10467,2026-08-15,Card,Successful
50468,10468,2026-08-16,NetBanking,Successful
50469,10469,2026-08-17,UPI,Successful
50471,10471,2026-08-19,NetBanking,Successful
50472,10472,2026-08-20,UPI,Successful
50473,10473,2026-08-21,Card,Successful
50474,10474,2026-08-22,NetBanking,Failed
50476,10476,2026-08-24,Card,Successful
50477,10477,2026-08-25,NetBanking,Successful
50478,10478,2026-08-26,UPI,Successful
50479,10479,2026-08-27,Card,Successful
50481,10481,2026-01-01,UPI,Successful
50482,10482,2026-01-02,Card,Successful
50483,10483,2026-01-03,NetBanking,Successful
50484,10484,2026-01-04,UPI,Successful
50486,10486,2026-01-06,NetBanking,Successful
50487,10487,2026-01-07,UPI,Successful
50488,10488,2026-01-08,Card,Successful
50489,10489,2026-01-09,NetBanking,Successful
50491,10491,2026-01-11,Card,Successful
50492,10492,2026-01-12,NetBanking,Successful
50493,10493,2026-01-13,UPI,Successful
50494,10494,2026-01-14,Card,Successful
50496,10496,2026-01-16,UPI,Failed
50497,10497,2026-01-17,Card,Successful
50498,10498,2026-01-18,NetBanking,Successful
50499,10499,2026-01-19,UPI,Successful
50501,10501,2026-01-21,NetBanking,Successful
50502,10502,2026-01-22,UPI,Successful
50503,10503,2026-01-23,Card,Successful
50504,10504,2026-01-24,NetBanking,Successful
50506,10506,2026-01-26,Card,Successful
50507,10507,2026-01-27,NetBanking,Failed
50508,10508,2026-01-28,UPI,Successful
50509,10509,2026-01-29,Card,Successful
50511,10511,2026-01-31,UPI,Successful
50512,10512,2026-02-01,Card,Successful
50513,10513,2026-02-02,NetBanking,Successful
50514,10514,2026-02-03,UPI,Successful
50516,10516,2026-02-05,NetBanking,Successful
50517,10517,2026-02-06,UPI,Successful
50518,10518,2026-02-07,Card,Failed
50519,10519,2026-02-08,NetBanking,Successful
50521,10521,2026-02-10,Card,Successful
50522,10522,2026-02-11,NetBanking,Successful
50523,10523,2026-02-12,UPI,Successful
50524,10524,2026-02-13,Card,Successful
50526,10526,2026-02-15,UPI,Successful
50527,10527,2026-02-16,Card,Successful
50528,10528,2026-02-17,NetBanking,Successful
50529,10529,2026-02-18,UPI,Failed
50531,10531,2026-02-20,NetBanking,Successful
50532,10532,2026-02-21,UPI,Successful
50533,10533,2026-02-22,Card,Successful
50534,10534,2026-02-23,NetBanking,Successful
50536,10536,2026-02-25,Card,Successful
50537,10537,2026-02-26,NetBanking,Successful
50538,10538,2026-02-27,UPI,Successful
50539,10539,2026-02-28,Card,Successful
50541,10541,2026-03-02,UPI,Successful
50542,10542,2026-03-03,Card,Successful
50543,10543,2026-03-04,NetBanking,Successful
50544,10544,2026-03-05,UPI,Successful
50546,10546,2026-03-07,NetBanking,Successful
50547,10547,2026-03-08,UPI,Successful
50548,10548,2026-03-09,Card,Successful
50549,10549,2026-03-10,NetBanking,Successful
50551,10551,2026-03-12,Card,Failed
50552,10552,2026-03-13,NetBanking,Successful
50553,10553,2026-03-14,UPI,Successful
50554,10554,2026-03-15,Card,Successful
50556,10556,2026-03-17,UPI,Successful
50557,10557,2026-03-18,Card,Successful
50558,10558,2026-03-19,NetBanking,Successful
50559,10559,2026-03-20,UPI,Successful
50561,10561,2026-03-22,NetBanking,Successful
50562,10562,2026-03-23,UPI,Failed
50563,10563,2026-03-24,Card,Successful
50564,10564,2026-03-25,NetBanking,Successful
50566,10566,2026-03-27,Card,Successful
50567,10567,2026-03-28,NetBanking,Successful
50568,10568,2026-03-29,UPI,Successful
50569,10569,2026-03-30,Card,Successful
50571,10571,2026-04-01,UPI,Successful
50572,10572,2026-04-02,Card,Successful
50573,10573,2026-04-03,NetBanking,Failed
50574,10574,2026-04-04,UPI,Successful
50576,10576,2026-04-06,NetBanking,Successful
50577,10577,2026-04-07,UPI,Successful
50578,10578,2026-04-08,Card,Successful
50579,10579,2026-04-09,NetBanking,Successful
50581,10581,2026-04-11,Card,Successful
50582,10582,2026-04-12,NetBanking,Successful
50583,10583,2026-04-13,UPI,Successful
50584,10584,2026-04-14,Card,Failed
50586,10586,2026-04-16,UPI,Successful
50587,10587,2026-04-17,Card,Successful
50588,10588,2026-04-18,NetBanking,Successful
50589,10589,2026-04-19,UPI,Successful
50591,10591,2026-04-21,NetBanking,Successful
50592,10592,2026-04-22,UPI,Successful
50593,10593,2026-04-23,Card,Successful
50594,10594,2026-04-24,NetBanking,Successful
50596,10596,2026-04-26,Card,Successful
50597,10597,2026-04-27,NetBanking,Successful
50598,10598,2026-04-28,UPI,Successful
50599,10599,2026-04-29,Card,Successful
