product_id,product_name,category_id,brand,cost_price,list_price,last_modified
1,Product 1,1,Brand 1,231,304.92,2026-08-01 10:00:00
2,Product 2,2,Brand 2,262,364.18,2026-08-02 10:00:00
3,Product 3,3,Brand 3,293,427.78,2026-08-03 10:00:00
4,Product 4,4,Brand 4,324,405.0,2026-08-04 10:00:00
5,Product 5,5,Brand 5,355,468.6,2026-08-05 10:00:00
6,Product 6,1,Brand 6,386,536.54,2026-08-06 10:00:00
7,Product 7,2,Brand 7,417,608.82,2026-08-07 10:00:00
8,Product 8,3,Brand 8,448,560.0,2026-08-08 10:00:00
9,Product 9,4,Brand 1,479,632.28,2026-08-09 10:00:00
10,Product 10,5,Brand 2,510,708.9,2026-08-10 10:00:00
11,Product 11,1,Brand 3,541,789.86,2026-08-11 10:00:00
12,Product 12,2,Brand 4,572,715.0,2026-08-12 10:00:00
13,Product 13,3,Brand 5,603,795.96,2026-08-13 10:00:00
14,Product 14,4,Brand 6,634,881.26,2026-08-14 10:00:00
15,Product 15,5,Brand 7,665,970.9,2026-08-15 10:00:00
16,Product 16,1,Brand 8,696,870.0,2026-08-16 10:00:00
17,Product 17,2,Brand 1,727,959.64,2026-08-17 10:00:00
18,Product 18,3,Brand 2,758,1053.62,2026-08-18 10:00:00
19,Product 19,4,Brand 3,789,1151.94,2026-08-19 10:00:00
20,Product 20,5,Brand 4,820,1025.0,2026-08-20 10:00:00
21,Product 21,1,Brand 5,851,1123.32,2026-08-21 10:00:00
22,Product 22,2,Brand 6,882,1225.98,2026-08-22 10:00:00
23,Product 23,3,Brand 7,913,1332.98,2026-08-23 10:00:00
24,Product 24,4,Brand 8,944,1180.0,2026-08-24 10:00:00
25,Product 25,5,Brand 1,975,1287.0,2026-08-25 10:00:00
26,Product 26,1,Brand 2,1006,1398.34,2026-08-26 10:00:00
27,Product 27,2,Brand 3,1037,1514.02,2026-08-27 10:00:00
28,Product 28,3,Brand 4,1068,1335.0,2026-08-01 10:00:00
29,Product 29,4,Brand 5,1099,1450.68,2026-08-02 10:00:00
30,Product 30,5,Brand 6,1130,1570.7,2026-08-03 10:00:00
31,Product 31,1,Brand 7,1161,1695.06,2026-08-04 10:00:00
32,Product 32,2,Brand 8,1192,1490.0,2026-08-05 10:00:00
33,Product 33,3,Brand 1,1223,1614.36,2026-08-06 10:00:00
34,Product 34,4,Brand 2,1254,1743.06,2026-08-07 10:00:00
35,Product 35,5,Brand 3,1285,1876.1,2026-08-08 10:00:00
36,Product 36,1,Brand 4,1316,1645.0,2026-08-09 10:00:00
37,Product 37,2,Brand 5,1347,1778.04,2026-08-10 10:00:00
38,Product 38,3,Brand 6,1378,1915.42,2026-08-11 10:00:00
39,Product 39,4,Brand 7,1409,2057.14,2026-08-12 10:00:00
40,Product 40,5,Brand 8,1440,1800.0,2026-08-13 10:00:00
41,Product 41,1,Brand 1,1471,1941.72,2026-08-14 10:00:00
42,Product 42,2,Brand 2,1502,2087.78,2026-08-15 10:00:00
43,Product 43,3,Brand 3,1533,2238.18,2026-08-16 10:00:00
44,Product 44,4,Brand 4,1564,1955.0,2026-08-17 10:00:00
45,Product 45,5,Brand 5,1595,2105.4,2026-08-18 10:00:00
46,Product 46,1,Brand 6,1626,2260.14,2026-08-19 10:00:00
47,Product 47,2,Brand 7,1657,2419.22,2026-08-20 10:00:00
48,Product 48,3,Brand 8,1688,2110.0,2026-08-21 10:00:00
49,Product 49,4,Brand 1,1719,2269.08,2026-08-22 10:00:00
50,Product 50,5,Brand 2,1750,2432.5,2026-08-23 10:00:00
