order_item_id,order_id,product_id,quantity,unit_price,discount_pct
1,10001,1,1,400,0
2,10002,8,1,497,5
3,10002,19,2,708,10
4,10003,15,1,594,10
5,10003,26,2,805,15
6,10003,37,3,1016,0
7,10004,22,1,691,15
8,10004,33,2,902,0
9,10004,44,3,1113,5
10,10004,5,4,1324,10
11,10005,29,1,788,0
12,10006,36,1,885,5
13,10006,47,2,1096,10
14,10007,43,1,982,10
15,10007,4,2,1193,15
16,10007,15,3,1404,0
17,10008,50,1,1079,15
18,10008,11,2,1290,0
19,10008,22,3,1501,5
20,10008,33,4,1712,10
21,10009,7,1,1176,0
22,10010,14,1,1273,5
23,10010,25,2,1484,10
24,10011,21,1,1370,10
25,10011,32,2,1581,15
26,10011,43,3,1792,0
27,10012,28,1,1467,15
28,10012,39,2,1678,0
29,10012,50,3,1889,5
30,10012,11,4,2100,10
31,10013,35,1,1564,0
32,10014,42,1,1661,5
33,10014,3,2,1872,10
34,10015,49,1,1758,10
35,10015,10,2,1969,15
36,10015,21,3,2180,0
37,10016,6,1,1855,15
38,10016,17,2,2066,0
39,10016,28,3,2277,5
40,10016,39,4,2488,10
41,10017,13,1,1952,0
42,10018,20,1,2049,5
43,10018,31,2,2260,10
44,10019,27,1,2146,10
45,10019,38,2,2357,15
46,10019,49,3,2568,0
47,10020,34,1,2243,15
48,10020,45,2,2454,0
49,10020,6,3,2665,5
50,10020,17,4,2876,10
51,10021,41,1,2340,0
52,10022,48,1,2437,5
53,10022,9,2,2648,10
54,10023,5,1,2534,10
55,10023,16,2,2745,15
56,10023,27,3,2956,0
57,10024,12,1,2631,15
58,10024,23,2,2842,0
59,10024,34,3,3053,5
60,10024,45,4,3264,10
61,10025,19,1,2728,0
62,10026,26,1,2825,5
63,10026,37,2,3036,10
64,10027,33,1,2922,10
65,10027,44,2,3133,15
66,10027,5,3,3344,0
67,10028,40,1,3019,15
68,10028,1,2,3230,0
69,10028,12,3,3441,5
70,10028,23,4,3652,10
71,10029,47,1,3116,0
72,10030,4,1,3213,5
73,10030,15,2,3424,10
74,10031,11,1,3310,10
75,10031,22,2,3521,15
76,10031,33,3,3732,0
77,10032,18,1,3407,15
78,10032,29,2,3618,0
79,10032,40,3,3829,5
80,10032,1,4,4040,10
81,10033,25,1,3504,0
82,10034,32,1,3601,5
83,10034,43,2,3812,10
84,10035,39,1,3698,10
85,10035,50,2,3909,15
86,10035,11,3,4120,0
87,10036,46,1,3795,15
88,10036,7,2,4006,0
89,10036,18,3,4217,5
90,10036,29,4,4428,10
91,10037,3,1,3892,0
92,10038,10,1,3989,5
93,10038,21,2,4200,10
94,10039,17,1,4086,10
95,10039,28,2,4297,15
96,10039,39,3,4508,0
97,10040,24,1,4183,15
98,10040,35,2,4394,0
99,10040,46,3,4605,5
100,10040,7,4,4816,10
101,10041,31,1,4280,0
102,10042,38,1,4377,5
103,10042,49,2,4588,10
104,10043,45,1,4474,10
105,10043,6,2,4685,15
106,10043,17,3,4896,0
107,10044,2,1,4571,15
108,10044,13,2,4782,0
109,10044,24,3,4993,5
110,10044,35,4,5204,10
111,10045,9,1,4668,0
112,10046,16,1,4765,5
113,10046,27,2,4976,10
114,10047,23,1,4862,10
115,10047,34,2,5073,15
116,10047,45,3,5284,0
117,10048,30,1,4959,15
118,10048,41,2,5170,0
119,10048,2,3,5381,5
120,10048,13,4,5592,10
121,10049,37,1,5056,0
122,10050,44,1,5153,5
123,10050,5,2,5364,10
124,10051,1,1,5250,10
125,10051,12,2,5461,15
126,10051,23,3,5672,0
127,10052,8,1,5347,15
128,10052,19,2,5558,0
129,10052,30,3,5769,5
130,10052,41,4,480,10
131,10053,15,1,5444,0
132,10054,22,1,5541,5
133,10054,33,2,5752,10
134,10055,29,1,5638,10
135,10055,40,2,5849,15
136,10055,1,3,560,0
137,10056,36,1,5735,15
138,10056,47,2,446,0
139,10056,8,3,657,5
140,10056,19,4,868,10
141,10057,43,1,5832,0
142,10058,50,1,429,5
143,10058,11,2,640,10
144,10059,7,1,526,10
145,10059,18,2,737,15
146,10059,29,3,948,0
147,10060,14,1,623,15
148,10060,25,2,834,0
149,10060,36,3,1045,5
150,10060,47,4,1256,10
151,10061,21,1,720,0
152,10062,28,1,817,5
153,10062,39,2,1028,10
154,10063,35,1,914,10
155,10063,46,2,1125,15
156,10063,7,3,1336,0
157,10064,42,1,1011,15
158,10064,3,2,1222,0
159,10064,14,3,1433,5
160,10064,25,4,1644,10
161,10065,49,1,1108,0
162,10066,6,1,1205,5
163,10066,17,2,1416,10
164,10067,13,1,1302,10
165,10067,24,2,1513,15
166,10067,35,3,1724,0
167,10068,20,1,1399,15
168,10068,31,2,1610,0
169,10068,42,3,1821,5
170,10068,3,4,2032,10
171,10069,27,1,1496,0
172,10070,34,1,1593,5
173,10070,45,2,1804,10
174,10071,41,1,1690,10
175,10071,2,2,1901,15
176,10071,13,3,2112,0
177,10072,48,1,1787,15
178,10072,9,2,1998,0
179,10072,20,3,2209,5
180,10072,31,4,2420,10
181,10073,5,1,1884,0
182,10074,12,1,1981,5
183,10074,23,2,2192,10
184,10075,19,1,2078,10
185,10075,30,2,2289,15
186,10075,41,3,2500,0
187,10076,26,1,2175,15
188,10076,37,2,2386,0
189,10076,48,3,2597,5
190,10076,9,4,2808,10
191,10077,33,1,2272,0
192,10078,40,1,2369,5
193,10078,1,2,2580,10
194,10079,47,1,2466,10
195,10079,8,2,2677,15
196,10079,19,3,2888,0
197,10080,4,1,2563,15
198,10080,15,2,2774,0
199,10080,26,3,2985,5
200,10080,37,4,3196,10
201,10081,11,1,2660,0
202,10082,18,1,2757,5
203,10082,29,2,2968,10
204,10083,25,1,2854,10
205,10083,36,2,3065,15
206,10083,47,3,3276,0
207,10084,32,1,2951,15
208,10084,43,2,3162,0
209,10084,4,3,3373,5
210,10084,15,4,3584,10
211,10085,39,1,3048,0
212,10086,46,1,3145,5
213,10086,7,2,3356,10
214,10087,3,1,3242,10
215,10087,14,2,3453,15
216,10087,25,3,3664,0
217,10088,10,1,3339,15
218,10088,21,2,3550,0
219,10088,32,3,3761,5
220,10088,43,4,3972,10
221,10089,17,1,3436,0
222,10090,24,1,3533,5
223,10090,35,2,3744,10
224,10091,31,1,3630,10
225,10091,42,2,3841,15
226,10091,3,3,4052,0
227,10092,38,1,3727,15
228,10092,49,2,3938,0
229,10092,10,3,4149,5
230,10092,21,4,4360,10
231,10093,45,1,3824,0
232,10094,2,1,3921,5
233,10094,13,2,4132,10
234,10095,9,1,4018,10
235,10095,20,2,4229,15
236,10095,31,3,4440,0
237,10096,16,1,4115,15
238,10096,27,2,4326,0
239,10096,38,3,4537,5
240,10096,49,4,4748,10
241,10097,23,1,4212,0
242,10098,30,1,4309,5
243,10098,41,2,4520,10
244,10099,37,1,4406,10
245,10099,48,2,4617,15
246,10099,9,3,4828,0
247,10100,44,1,4503,15
248,10100,5,2,4714,0
249,10100,16,3,4925,5
250,10100,27,4,5136,10
251,10101,1,1,4600,0
252,10102,8,1,4697,5
253,10102,19,2,4908,10
254,10103,15,1,4794,10
255,10103,26,2,5005,15
256,10103,37,3,5216,0
257,10104,22,1,4891,15
258,10104,33,2,5102,0
259,10104,44,3,5313,5
260,10104,5,4,5524,10
261,10105,29,1,4988,0
262,10106,36,1,5085,5
263,10106,47,2,5296,10
264,10107,43,1,5182,10
265,10107,4,2,5393,15
266,10107,15,3,5604,0
267,10108,50,1,5279,15
268,10108,11,2,5490,0
269,10108,22,3,5701,5
270,10108,33,4,412,10
271,10109,7,1,5376,0
272,10110,14,1,5473,5
273,10110,25,2,5684,10
274,10111,21,1,5570,10
275,10111,32,2,5781,15
276,10111,43,3,492,0
277,10112,28,1,5667,15
278,10112,39,2,5878,0
279,10112,50,3,589,5
280,10112,11,4,800,10
281,10113,35,1,5764,0
282,10114,42,1,5861,5
283,10114,3,2,572,10
284,10115,49,1,458,10
285,10115,10,2,669,15
286,10115,21,3,880,0
287,10116,6,1,555,15
288,10116,17,2,766,0
289,10116,28,3,977,5
290,10116,39,4,1188,10
291,10117,13,1,652,0
292,10118,20,1,749,5
293,10118,31,2,960,10
294,10119,27,1,846,10
295,10119,38,2,1057,15
296,10119,49,3,1268,0
297,10120,34,1,943,15
298,10120,45,2,1154,0
299,10120,6,3,1365,5
300,10120,17,4,1576,10
301,10121,41,1,1040,0
302,10122,48,1,1137,5
303,10122,9,2,1348,10
304,10123,5,1,1234,10
305,10123,16,2,1445,15
306,10123,27,3,1656,0
307,10124,12,1,1331,15
308,10124,23,2,1542,0
309,10124,34,3,1753,5
310,10124,45,4,1964,10
311,10125,19,1,1428,0
312,10126,26,1,1525,5
313,10126,37,2,1736,10
314,10127,33,1,1622,10
315,10127,44,2,1833,15
316,10127,5,3,2044,0
317,10128,40,1,1719,15
318,10128,1,2,1930,0
319,10128,12,3,2141,5
320,10128,23,4,2352,10
321,10129,47,1,1816,0
322,10130,4,1,1913,5
323,10130,15,2,2124,10
324,10131,11,1,2010,10
325,10131,22,2,2221,15
326,10131,33,3,2432,0
327,10132,18,1,2107,15
328,10132,29,2,2318,0
329,10132,40,3,2529,5
330,10132,1,4,2740,10
331,10133,25,1,2204,0
332,10134,32,1,2301,5
333,10134,43,2,2512,10
334,10135,39,1,2398,10
335,10135,50,2,2609,15
336,10135,11,3,2820,0
337,10136,46,1,2495,15
338,10136,7,2,2706,0
339,10136,18,3,2917,5
340,10136,29,4,3128,10
341,10137,3,1,2592,0
342,10138,10,1,2689,5
343,10138,21,2,2900,10
344,10139,17,1,2786,10
345,10139,28,2,2997,15
346,10139,39,3,3208,0
347,10140,24,1,2883,15
348,10140,35,2,3094,0
349,10140,46,3,3305,5
350,10140,7,4,3516,10
351,10141,31,1,2980,0
352,10142,38,1,3077,5
353,10142,49,2,3288,10
354,10143,45,1,3174,10
355,10143,6,2,3385,15
356,10143,17,3,3596,0
357,10144,2,1,3271,15
358,10144,13,2,3482,0
359,10144,24,3,3693,5
360,10144,35,4,3904,10
361,10145,9,1,3368,0
362,10146,16,1,3465,5
363,10146,27,2,3676,10
364,10147,23,1,3562,10
365,10147,34,2,3773,15
366,10147,45,3,3984,0
367,10148,30,1,3659,15
368,10148,41,2,3870,0
369,10148,2,3,4081,5
370,10148,13,4,4292,10
371,10149,37,1,3756,0
372,10150,44,1,3853,5
373,10150,5,2,4064,10
374,10151,1,1,3950,10
375,10151,12,2,4161,15
376,10151,23,3,4372,0
377,10152,8,1,4047,15
378,10152,19,2,4258,0
379,10152,30,3,4469,5
380,10152,41,4,4680,10
381,10153,15,1,4144,0
382,10154,22,1,4241,5
383,10154,33,2,4452,10
384,10155,29,1,4338,10
385,10155,40,2,4549,15
386,10155,1,3,4760,0
387,10156,36,1,4435,15
388,10156,47,2,4646,0
389,10156,8,3,4857,5
390,10156,19,4,5068,10
391,10157,43,1,4532,0
392,10158,50,1,4629,5
393,10158,11,2,4840,10
394,10159,7,1,4726,10
395,10159,18,2,4937,15
396,10159,29,3,5148,0
397,10160,14,1,4823,15
398,10160,25,2,5034,0
399,10160,36,3,5245,5
400,10160,47,4,5456,10
401,10161,21,1,4920,0
402,10162,28,1,5017,5
403,10162,39,2,5228,10
404,10163,35,1,5114,10
405,10163,46,2,5325,15
406,10163,7,3,5536,0
407,10164,42,1,5211,15
408,10164,3,2,5422,0
409,10164,14,3,5633,5
410,10164,25,4,5844,10
411,10165,49,1,5308,0
412,10166,6,1,5405,5
413,10166,17,2,5616,10
414,10167,13,1,5502,10
415,10167,24,2,5713,15
416,10167,35,3,424,0
417,10168,20,1,5599,15
418,10168,31,2,5810,0
419,10168,42,3,521,5
420,10168,3,4,732,10
421,10169,27,1,5696,0
422,10170,34,1,5793,5
423,10170,45,2,504,10
424,10171,41,1,5890,10
425,10171,2,2,601,15
426,10171,13,3,812,0
427,10172,48,1,487,15
428,10172,9,2,698,0
429,10172,20,3,909,5
430,10172,31,4,1120,10
431,10173,5,1,584,0
432,10174,12,1,681,5
433,10174,23,2,892,10
434,10175,19,1,778,10
435,10175,30,2,989,15
436,10175,41,3,1200,0
437,10176,26,1,875,15
438,10176,37,2,1086,0
439,10176,48,3,1297,5
440,10176,9,4,1508,10
441,10177,33,1,972,0
442,10178,40,1,1069,5
443,10178,1,2,1280,10
444,10179,47,1,1166,10
445,10179,8,2,1377,15
446,10179,19,3,1588,0
447,10180,4,1,1263,15
448,10180,15,2,1474,0
449,10180,26,3,1685,5
450,10180,37,4,1896,10
451,10181,11,1,1360,0
452,10182,18,1,1457,5
453,10182,29,2,1668,10
454,10183,25,1,1554,10
455,10183,36,2,1765,15
456,10183,47,3,1976,0
457,10184,32,1,1651,15
458,10184,43,2,1862,0
459,10184,4,3,2073,5
460,10184,15,4,2284,10
461,10185,39,1,1748,0
462,10186,46,1,1845,5
463,10186,7,2,2056,10
464,10187,3,1,1942,10
465,10187,14,2,2153,15
466,10187,25,3,2364,0
467,10188,10,1,2039,15
468,10188,21,2,2250,0
469,10188,32,3,2461,5
470,10188,43,4,2672,10
471,10189,17,1,2136,0
472,10190,24,1,2233,5
473,10190,35,2,2444,10
474,10191,31,1,2330,10
475,10191,42,2,2541,15
476,10191,3,3,2752,0
477,10192,38,1,2427,15
478,10192,49,2,2638,0
479,10192,10,3,2849,5
480,10192,21,4,3060,10
481,10193,45,1,2524,0
482,10194,2,1,2621,5
483,10194,13,2,2832,10
484,10195,9,1,2718,10
485,10195,20,2,2929,15
486,10195,31,3,3140,0
487,10196,16,1,2815,15
488,10196,27,2,3026,0
489,10196,38,3,3237,5
490,10196,49,4,3448,10
491,10197,23,1,2912,0
492,10198,30,1,3009,5
493,10198,41,2,3220,10
494,10199,37,1,3106,10
495,10199,48,2,3317,15
496,10199,9,3,3528,0
497,10200,44,1,3203,15
498,10200,5,2,3414,0
499,10200,16,3,3625,5
500,10200,27,4,3836,10
501,10201,1,1,3300,0
502,10202,8,1,3397,5
503,10202,19,2,3608,10
504,10203,15,1,3494,10
505,10203,26,2,3705,15
506,10203,37,3,3916,0
507,10204,22,1,3591,15
508,10204,33,2,3802,0
509,10204,44,3,4013,5
510,10204,5,4,4224,10
511,10205,29,1,3688,0
512,10206,36,1,3785,5
513,10206,47,2,3996,10
514,10207,43,1,3882,10
515,10207,4,2,4093,15
516,10207,15,3,4304,0
517,10208,50,1,3979,15
518,10208,11,2,4190,0
519,10208,22,3,4401,5
520,10208,33,4,4612,10
521,10209,7,1,4076,0
522,10210,14,1,4173,5
523,10210,25,2,4384,10
524,10211,21,1,4270,10
525,10211,32,2,4481,15
526,10211,43,3,4692,0
527,10212,28,1,4367,15
528,10212,39,2,4578,0
529,10212,50,3,4789,5
530,10212,11,4,5000,10
531,10213,35,1,4464,0
532,10214,42,1,4561,5
533,10214,3,2,4772,10
534,10215,49,1,4658,10
535,10215,10,2,4869,15
536,10215,21,3,5080,0
537,10216,6,1,4755,15
538,10216,17,2,4966,0
539,10216,28,3,5177,5
540,10216,39,4,5388,10
541,10217,13,1,4852,0
542,10218,20,1,4949,5
543,10218,31,2,5160,10
544,10219,27,1,5046,10
545,10219,38,2,5257,15
546,10219,49,3,5468,0
547,10220,34,1,5143,15
548,10220,45,2,5354,0
549,10220,6,3,5565,5
550,10220,17,4,5776,10
551,10221,41,1,5240,0
552,10222,48,1,5337,5
553,10222,9,2,5548,10
554,10223,5,1,5434,10
555,10223,16,2,5645,15
556,10223,27,3,5856,0
557,10224,12,1,5531,15
558,10224,23,2,5742,0
559,10224,34,3,453,5
560,10224,45,4,664,10
561,10225,19,1,5628,0
562,10226,26,1,5725,5
563,10226,37,2,436,10
564,10227,33,1,5822,10
565,10227,44,2,533,15
566,10227,5,3,744,0
567,10228,40,1,419,15
568,10228,1,2,630,0
569,10228,12,3,841,5
570,10228,23,4,1052,10
571,10229,47,1,516,0
572,10230,4,1,613,5
573,10230,15,2,824,10
574,10231,11,1,710,10
575,10231,22,2,921,15
576,10231,33,3,1132,0
577,10232,18,1,807,15
578,10232,29,2,1018,0
579,10232,40,3,1229,5
580,10232,1,4,1440,10
581,10233,25,1,904,0
582,10234,32,1,1001,5
583,10234,43,2,1212,10
584,10235,39,1,1098,10
585,10235,50,2,1309,15
586,10235,11,3,1520,0
587,10236,46,1,1195,15
588,10236,7,2,1406,0
589,10236,18,3,1617,5
590,10236,29,4,1828,10
591,10237,3,1,1292,0
592,10238,10,1,1389,5
593,10238,21,2,1600,10
594,10239,17,1,1486,10
595,10239,28,2,1697,15
596,10239,39,3,1908,0
597,10240,24,1,1583,15
598,10240,35,2,1794,0
599,10240,46,3,2005,5
600,10240,7,4,2216,10
601,10241,31,1,1680,0
602,10242,38,1,1777,5
603,10242,49,2,1988,10
604,10243,45,1,1874,10
605,10243,6,2,2085,15
606,10243,17,3,2296,0
607,10244,2,1,1971,15
608,10244,13,2,2182,0
609,10244,24,3,2393,5
610,10244,35,4,2604,10
611,10245,9,1,2068,0
612,10246,16,1,2165,5
613,10246,27,2,2376,10
614,10247,23,1,2262,10
615,10247,34,2,2473,15
616,10247,45,3,2684,0
617,10248,30,1,2359,15
618,10248,41,2,2570,0
619,10248,2,3,2781,5
620,10248,13,4,2992,10
621,10249,37,1,2456,0
622,10250,44,1,2553,5
623,10250,5,2,2764,10
624,10251,1,1,2650,10
625,10251,12,2,2861,15
626,10251,23,3,3072,0
627,10252,8,1,2747,15
628,10252,19,2,2958,0
629,10252,30,3,3169,5
630,10252,41,4,3380,10
631,10253,15,1,2844,0
632,10254,22,1,2941,5
633,10254,33,2,3152,10
634,10255,29,1,3038,10
635,10255,40,2,3249,15
636,10255,1,3,3460,0
637,10256,36,1,3135,15
638,10256,47,2,3346,0
639,10256,8,3,3557,5
640,10256,19,4,3768,10
641,10257,43,1,3232,0
642,10258,50,1,3329,5
643,10258,11,2,3540,10
644,10259,7,1,3426,10
645,10259,18,2,3637,15
646,10259,29,3,3848,0
647,10260,14,1,3523,15
648,10260,25,2,3734,0
649,10260,36,3,3945,5
650,10260,47,4,4156,10
651,10261,21,1,3620,0
652,10262,28,1,3717,5
653,10262,39,2,3928,10
654,10263,35,1,3814,10
655,10263,46,2,4025,15
656,10263,7,3,4236,0
657,10264,42,1,3911,15
658,10264,3,2,4122,0
659,10264,14,3,4333,5
660,10264,25,4,4544,10
661,10265,49,1,4008,0
662,10266,6,1,4105,5
663,10266,17,2,4316,10
664,10267,13,1,4202,10
665,10267,24,2,4413,15
666,10267,35,3,4624,0
667,10268,20,1,4299,15
668,10268,31,2,4510,0
669,10268,42,3,4721,5
670,10268,3,4,4932,10
671,10269,27,1,4396,0
672,10270,34,1,4493,5
673,10270,45,2,4704,10
674,10271,41,1,4590,10
675,10271,2,2,4801,15
676,10271,13,3,5012,0
677,10272,48,1,4687,15
678,10272,9,2,4898,0
679,10272,20,3,5109,5
680,10272,31,4,5320,10
681,10273,5,1,4784,0
682,10274,12,1,4881,5
683,10274,23,2,5092,10
684,10275,19,1,4978,10
685,10275,30,2,5189,15
686,10275,41,3,5400,0
687,10276,26,1,5075,15
688,10276,37,2,5286,0
689,10276,48,3,5497,5
690,10276,9,4,5708,10
691,10277,33,1,5172,0
692,10278,40,1,5269,5
693,10278,1,2,5480,10
694,10279,47,1,5366,10
695,10279,8,2,5577,15
696,10279,19,3,5788,0
697,10280,4,1,5463,15
698,10280,15,2,5674,0
699,10280,26,3,5885,5
700,10280,37,4,596,10
701,10281,11,1,5560,0
702,10282,18,1,5657,5
703,10282,29,2,5868,10
704,10283,25,1,5754,10
705,10283,36,2,465,15
706,10283,47,3,676,0
707,10284,32,1,5851,15
708,10284,43,2,562,0
709,10284,4,3,773,5
710,10284,15,4,984,10
711,10285,39,1,448,0
712,10286,46,1,545,5
713,10286,7,2,756,10
714,10287,3,1,642,10
715,10287,14,2,853,15
716,10287,25,3,1064,0
717,10288,10,1,739,15
718,10288,21,2,950,0
719,10288,32,3,1161,5
720,10288,43,4,1372,10
721,10289,17,1,836,0
722,10290,24,1,933,5
723,10290,35,2,1144,10
724,10291,31,1,1030,10
725,10291,42,2,1241,15
726,10291,3,3,1452,0
727,10292,38,1,1127,15
728,10292,49,2,1338,0
729,10292,10,3,1549,5
730,10292,21,4,1760,10
731,10293,45,1,1224,0
732,10294,2,1,1321,5
733,10294,13,2,1532,10
734,10295,9,1,1418,10
735,10295,20,2,1629,15
736,10295,31,3,1840,0
737,10296,16,1,1515,15
738,10296,27,2,1726,0
739,10296,38,3,1937,5
740,10296,49,4,2148,10
741,10297,23,1,1612,0
742,10298,30,1,1709,5
743,10298,41,2,1920,10
744,10299,37,1,1806,10
745,10299,48,2,2017,15
746,10299,9,3,2228,0
747,10300,44,1,1903,15
748,10300,5,2,2114,0
749,10300,16,3,2325,5
750,10300,27,4,2536,10
751,10301,1,1,2000,0
752,10302,8,1,2097,5
753,10302,19,2,2308,10
754,10303,15,1,2194,10
755,10303,26,2,2405,15
756,10303,37,3,2616,0
757,10304,22,1,2291,15
758,10304,33,2,2502,0
759,10304,44,3,2713,5
760,10304,5,4,2924,10
761,10305,29,1,2388,0
762,10306,36,1,2485,5
763,10306,47,2,2696,10
764,10307,43,1,2582,10
765,10307,4,2,2793,15
766,10307,15,3,3004,0
767,10308,50,1,2679,15
768,10308,11,2,2890,0
769,10308,22,3,3101,5
770,10308,33,4,3312,10
771,10309,7,1,2776,0
772,10310,14,1,2873,5
773,10310,25,2,3084,10
774,10311,21,1,2970,10
775,10311,32,2,3181,15
776,10311,43,3,3392,0
777,10312,28,1,3067,15
778,10312,39,2,3278,0
779,10312,50,3,3489,5
780,10312,11,4,3700,10
781,10313,35,1,3164,0
782,10314,42,1,3261,5
783,10314,3,2,3472,10
784,10315,49,1,3358,10
785,10315,10,2,3569,15
786,10315,21,3,3780,0
787,10316,6,1,3455,15
788,10316,17,2,3666,0
789,10316,28,3,3877,5
790,10316,39,4,4088,10
791,10317,13,1,3552,0
792,10318,20,1,3649,5
793,10318,31,2,3860,10
794,10319,27,1,3746,10
795,10319,38,2,3957,15
796,10319,49,3,4168,0
797,10320,34,1,3843,15
798,10320,45,2,4054,0
799,10320,6,3,4265,5
800,10320,17,4,4476,10
801,10321,41,1,3940,0
802,10322,48,1,4037,5
803,10322,9,2,4248,10
804,10323,5,1,4134,10
805,10323,16,2,4345,15
806,10323,27,3,4556,0
807,10324,12,1,4231,15
808,10324,23,2,4442,0
809,10324,34,3,4653,5
810,10324,45,4,4864,10
811,10325,19,1,4328,0
812,10326,26,1,4425,5
813,10326,37,2,4636,10
814,10327,33,1,4522,10
815,10327,44,2,4733,15
816,10327,5,3,4944,0
817,10328,40,1,4619,15
818,10328,1,2,4830,0
819,10328,12,3,5041,5
820,10328,23,4,5252,10
821,10329,47,1,4716,0
822,10330,4,1,4813,5
823,10330,15,2,5024,10
824,10331,11,1,4910,10
825,10331,22,2,5121,15
826,10331,33,3,5332,0
827,10332,18,1,5007,15
828,10332,29,2,5218,0
829,10332,40,3,5429,5
830,10332,1,4,5640,10
831,10333,25,1,5104,0
832,10334,32,1,5201,5
833,10334,43,2,5412,10
834,10335,39,1,5298,10
835,10335,50,2,5509,15
836,10335,11,3,5720,0
837,10336,46,1,5395,15
838,10336,7,2,5606,0
839,10336,18,3,5817,5
840,10336,29,4,528,10
841,10337,3,1,5492,0
842,10338,10,1,5589,5
843,10338,21,2,5800,10
844,10339,17,1,5686,10
845,10339,28,2,5897,15
846,10339,39,3,608,0
847,10340,24,1,5783,15
848,10340,35,2,494,0
849,10340,46,3,705,5
850,10340,7,4,916,10
851,10341,31,1,5880,0
852,10342,38,1,477,5
853,10342,49,2,688,10
854,10343,45,1,574,10
855,10343,6,2,785,15
856,10343,17,3,996,0
857,10344,2,1,671,15
858,10344,13,2,882,0
859,10344,24,3,1093,5
860,10344,35,4,1304,10
861,10345,9,1,768,0
862,10346,16,1,865,5
863,10346,27,2,1076,10
864,10347,23,1,962,10
865,10347,34,2,1173,15
866,10347,45,3,1384,0
867,10348,30,1,1059,15
868,10348,41,2,1270,0
869,10348,2,3,1481,5
870,10348,13,4,1692,10
871,10349,37,1,1156,0
872,10350,44,1,1253,5
873,10350,5,2,1464,10
874,10351,1,1,1350,10
875,10351,12,2,1561,15
876,10351,23,3,1772,0
877,10352,8,1,1447,15
878,10352,19,2,1658,0
879,10352,30,3,1869,5
880,10352,41,4,2080,10
881,10353,15,1,1544,0
882,10354,22,1,1641,5
883,10354,33,2,1852,10
884,10355,29,1,1738,10
885,10355,40,2,1949,15
886,10355,1,3,2160,0
887,10356,36,1,1835,15
888,10356,47,2,2046,0
889,10356,8,3,2257,5
890,10356,19,4,2468,10
891,10357,43,1,1932,0
892,10358,50,1,2029,5
893,10358,11,2,2240,10
894,10359,7,1,2126,10
895,10359,18,2,2337,15
896,10359,29,3,2548,0
897,10360,14,1,2223,15
898,10360,25,2,2434,0
899,10360,36,3,2645,5
900,10360,47,4,2856,10
901,10361,21,1,2320,0
902,10362,28,1,2417,5
903,10362,39,2,2628,10
904,10363,35,1,2514,10
905,10363,46,2,2725,15
906,10363,7,3,2936,0
907,10364,42,1,2611,15
908,10364,3,2,2822,0
909,10364,14,3,3033,5
910,10364,25,4,3244,10
911,10365,49,1,2708,0
912,10366,6,1,2805,5
913,10366,17,2,3016,10
914,10367,13,1,2902,10
915,10367,24,2,3113,15
916,10367,35,3,3324,0
917,10368,20,1,2999,15
918,10368,31,2,3210,0
919,10368,42,3,3421,5
920,10368,3,4,3632,10
921,10369,27,1,3096,0
922,10370,34,1,3193,5
923,10370,45,2,3404,10
924,10371,41,1,3290,10
925,10371,2,2,3501,15
926,10371,13,3,3712,0
927,10372,48,1,3387,15
928,10372,9,2,3598,0
929,10372,20,3,3809,5
930,10372,31,4,4020,10
931,10373,5,1,3484,0
932,10374,12,1,3581,5
933,10374,23,2,3792,10
934,10375,19,1,3678,10
935,10375,30,2,3889,15
936,10375,41,3,4100,0
937,10376,26,1,3775,15
938,10376,37,2,3986,0
939,10376,48,3,4197,5
940,10376,9,4,4408,10
941,10377,33,1,3872,0
942,10378,40,1,3969,5
943,10378,1,2,4180,10
944,10379,47,1,4066,10
945,10379,8,2,4277,15
946,10379,19,3,4488,0
947,10380,4,1,4163,15
948,10380,15,2,4374,0
949,10380,26,3,4585,5
950,10380,37,4,4796,10
951,10381,11,1,4260,0
952,10382,18,1,4357,5
953,10382,29,2,4568,10
954,10383,25,1,4454,10
955,10383,36,2,4665,15
956,10383,47,3,4876,0
957,10384,32,1,4551,15
958,10384,43,2,4762,0
959,10384,4,3,4973,5
960,10384,15,4,5184,10
961,10385,39,1,4648,0
962,10386,46,1,4745,5
963,10386,7,2,4956,10
964,10387,3,1,4842,10
965,10387,14,2,5053,15
966,10387,25,3,5264,0
967,10388,10,1,4939,15
968,10388,21,2,5150,0
969,10388,32,3,5361,5
970,10388,43,4,5572,10
971,10389,17,1,5036,0
972,10390,24,1,5133,5
973,10390,35,2,5344,10
974,10391,31,1,5230,10
975,10391,42,2,5441,15
976,10391,3,3,5652,0
977,10392,38,1,5327,15
978,10392,49,2,5538,0
979,10392,10,3,5749,5
980,10392,21,4,460,10
981,10393,45,1,5424,0
982,10394,2,1,5521,5
983,10394,13,2,5732,10
984,10395,9,1,5618,10
985,10395,20,2,5829,15
986,10395,31,3,540,0
987,10396,16,1,5715,15
988,10396,27,2,426,0
989,10396,38,3,637,5
990,10396,49,4,848,10
991,10397,23,1,5812,0
992,10398,30,1,409,5
993,10398,41,2,620,10
994,10399,37,1,506,10
995,10399,48,2,717,15
996,10399,9,3,928,0
997,10400,44,1,603,15
998,10400,5,2,814,0
999,10400,16,3,1025,5
1000,10400,27,4,1236,10
1001,10401,1,1,700,0
1002,10402,8,1,797,5
1003,10402,19,2,1008,10
1004,10403,15,1,894,10
1005,10403,26,2,1105,15
1006,10403,37,3,1316,0
1007,10404,22,1,991,15
1008,10404,33,2,1202,0
1009,10404,44,3,1413,5
1010,10404,5,4,1624,10
1011,10405,29,1,1088,0
1012,10406,36,1,1185,5
1013,10406,47,2,1396,10
1014,10407,43,1,1282,10
1015,10407,4,2,1493,15
1016,10407,15,3,1704,0
1017,10408,50,1,1379,15
1018,10408,11,2,1590,0
1019,10408,22,3,1801,5
1020,10408,33,4,2012,10
1021,10409,7,1,1476,0
1022,10410,14,1,1573,5
1023,10410,25,2,1784,10
1024,10411,21,1,1670,10
1025,10411,32,2,1881,15
1026,10411,43,3,2092,0
1027,10412,28,1,1767,15
1028,10412,39,2,1978,0
1029,10412,50,3,2189,5
1030,10412,11,4,2400,10
1031,10413,35,1,1864,0
1032,10414,42,1,1961,5
1033,10414,3,2,2172,10
1034,10415,49,1,2058,10
1035,10415,10,2,2269,15
1036,10415,21,3,2480,0
1037,10416,6,1,2155,15
1038,10416,17,2,2366,0
1039,10416,28,3,2577,5
1040,10416,39,4,2788,10
1041,10417,13,1,2252,0
1042,10418,20,1,2349,5
1043,10418,31,2,2560,10
1044,10419,27,1,2446,10
1045,10419,38,2,2657,15
1046,10419,49,3,2868,0
1047,10420,34,1,2543,15
1048,10420,45,2,2754,0
1049,10420,6,3,2965,5
1050,10420,17,4,3176,10
1051,10421,41,1,2640,0
1052,10422,48,1,2737,5
1053,10422,9,2,2948,10
1054,10423,5,1,2834,10
1055,10423,16,2,3045,15
1056,10423,27,3,3256,0
1057,10424,12,1,2931,15
1058,10424,23,2,3142,0
1059,10424,34,3,3353,5
1060,10424,45,4,3564,10
1061,10425,19,1,3028,0
1062,10426,26,1,3125,5
1063,10426,37,2,3336,10
1064,10427,33,1,3222,10
1065,10427,44,2,3433,15
1066,10427,5,3,3644,0
1067,10428,40,1,3319,15
1068,10428,1,2,3530,0
1069,10428,12,3,3741,5
1070,10428,23,4,3952,10
1071,10429,47,1,3416,0
1072,10430,4,1,3513,5
1073,10430,15,2,3724,10
1074,10431,11,1,3610,10
1075,10431,22,2,3821,15
1076,10431,33,3,4032,0
1077,10432,18,1,3707,15
1078,10432,29,2,3918,0
1079,10432,40,3,4129,5
1080,10432,1,4,4340,10
1081,10433,25,1,3804,0
1082,10434,32,1,3901,5
1083,10434,43,2,4112,10
1084,10435,39,1,3998,10
1085,10435,50,2,4209,15
1086,10435,11,3,4420,0
1087,10436,46,1,4095,15
1088,10436,7,2,4306,0
1089,10436,18,3,4517,5
1090,10436,29,4,4728,10
1091,10437,3,1,4192,0
1092,10438,10,1,4289,5
1093,10438,21,2,4500,10
1094,10439,17,1,4386,10
1095,10439,28,2,4597,15
1096,10439,39,3,4808,0
1097,10440,24,1,4483,15
1098,10440,35,2,4694,0
1099,10440,46,3,4905,5
1100,10440,7,4,5116,10
1101,10441,31,1,4580,0
1102,10442,38,1,4677,5
1103,10442,49,2,4888,10
1104,10443,45,1,4774,10
1105,10443,6,2,4985,15
1106,10443,17,3,5196,0
1107,10444,2,1,4871,15
1108,10444,13,2,5082,0
1109,10444,24,3,5293,5
1110,10444,35,4,5504,10
1111,10445,9,1,4968,0
1112,10446,16,1,5065,5
1113,10446,27,2,5276,10
1114,10447,23,1,5162,10
1115,10447,34,2,5373,15
1116,10447,45,3,5584,0
1117,10448,30,1,5259,15
1118,10448,41,2,5470,0
1119,10448,2,3,5681,5
1120,10448,13,4,5892,10
1121,10449,37,1,5356,0
1122,10450,44,1,5453,5
1123,10450,5,2,5664,10
1124,10451,1,1,5550,10
1125,10451,12,2,5761,15
1126,10451,23,3,472,0
1127,10452,8,1,5647,15
1128,10452,19,2,5858,0
1129,10452,30,3,569,5
1130,10452,41,4,780,10
1131,10453,15,1,5744,0
1132,10454,22,1,5841,5
1133,10454,33,2,552,10
1134,10455,29,1,438,10
1135,10455,40,2,649,15
1136,10455,1,3,860,0
1137,10456,36,1,535,15
1138,10456,47,2,746,0
1139,10456,8,3,957,5
1140,10456,19,4,1168,10
1141,10457,43,1,632,0
1142,10458,50,1,729,5
1143,10458,11,2,940,10
1144,10459,7,1,826,10
1145,10459,18,2,1037,15
1146,10459,29,3,1248,0
1147,10460,14,1,923,15
1148,10460,25,2,1134,0
1149,10460,36,3,1345,5
1150,10460,47,4,1556,10
1151,10461,21,1,1020,0
1152,10462,28,1,1117,5
1153,10462,39,2,1328,10
1154,10463,35,1,1214,10
1155,10463,46,2,1425,15
1156,10463,7,3,1636,0
1157,10464,42,1,1311,15
1158,10464,3,2,1522,0
1159,10464,14,3,1733,5
1160,10464,25,4,1944,10
1161,10465,49,1,1408,0
1162,10466,6,1,1505,5
1163,10466,17,2,1716,10
1164,10467,13,1,1602,10
1165,10467,24,2,1813,15
1166,10467,35,3,2024,0
1167,10468,20,1,1699,15
1168,10468,31,2,1910,0
1169,10468,42,3,2121,5
1170,10468,3,4,2332,10
1171,10469,27,1,1796,0
1172,10470,34,1,1893,5
1173,10470,45,2,2104,10
1174,10471,41,1,1990,10
1175,10471,2,2,2201,15
1176,10471,13,3,2412,0
1177,10472,48,1,2087,15
1178,10472,9,2,2298,0
1179,10472,20,3,2509,5
1180,10472,31,4,2720,10
1181,10473,5,1,2184,0
1182,10474,12,1,2281,5
1183,10474,23,2,2492,10
1184,10475,19,1,2378,10
1185,10475,30,2,2589,15
1186,10475,41,3,2800,0
1187,10476,26,1,2475,15
1188,10476,37,2,2686,0
1189,10476,48,3,2897,5
1190,10476,9,4,3108,10
1191,10477,33,1,2572,0
1192,10478,40,1,2669,5
1193,10478,1,2,2880,10
1194,10479,47,1,2766,10
1195,10479,8,2,2977,15
1196,10479,19,3,3188,0
1197,10480,4,1,2863,15
1198,10480,15,2,3074,0
1199,10480,26,3,3285,5
1200,10480,37,4,3496,10
1201,10481,11,1,2960,0
1202,10482,18,1,3057,5
1203,10482,29,2,3268,10
1204,10483,25,1,3154,10
1205,10483,36,2,3365,15
1206,10483,47,3,3576,0
1207,10484,32,1,3251,15
1208,10484,43,2,3462,0
1209,10484,4,3,3673,5
1210,10484,15,4,3884,10
1211,10485,39,1,3348,0
1212,10486,46,1,3445,5
1213,10486,7,2,3656,10
1214,10487,3,1,3542,10
1215,10487,14,2,3753,15
1216,10487,25,3,3964,0
1217,10488,10,1,3639,15
1218,10488,21,2,3850,0
1219,10488,32,3,4061,5
1220,10488,43,4,4272,10
1221,10489,17,1,3736,0
1222,10490,24,1,3833,5
1223,10490,35,2,4044,10
1224,10491,31,1,3930,10
1225,10491,42,2,4141,15
1226,10491,3,3,4352,0
1227,10492,38,1,4027,15
1228,10492,49,2,4238,0
1229,10492,10,3,4449,5
1230,10492,21,4,4660,10
1231,10493,45,1,4124,0
1232,10494,2,1,4221,5
1233,10494,13,2,4432,10
1234,10495,9,1,4318,10
1235,10495,20,2,4529,15
1236,10495,31,3,4740,0
1237,10496,16,1,4415,15
1238,10496,27,2,4626,0
1239,10496,38,3,4837,5
1240,10496,49,4,5048,10
1241,10497,23,1,4512,0
1242,10498,30,1,4609,5
1243,10498,41,2,4820,10
1244,10499,37,1,4706,10
1245,10499,48,2,4917,15
1246,10499,9,3,5128,0
1247,10500,44,1,4803,15
1248,10500,5,2,5014,0
1249,10500,16,3,5225,5
1250,10500,27,4,5436,10
1251,10501,1,1,4900,0
1252,10502,8,1,4997,5
1253,10502,19,2,5208,10
1254,10503,15,1,5094,10
1255,10503,26,2,5305,15
1256,10503,37,3,5516,0
1257,10504,22,1,5191,15
1258,10504,33,2,5402,0
1259,10504,44,3,5613,5
1260,10504,5,4,5824,10
1261,10505,29,1,5288,0
1262,10506,36,1,5385,5
1263,10506,47,2,5596,10
1264,10507,43,1,5482,10
1265,10507,4,2,5693,15
1266,10507,15,3,404,0
1267,10508,50,1,5579,15
1268,10508,11,2,5790,0
1269,10508,22,3,501,5
1270,10508,33,4,712,10
1271,10509,7,1,5676,0
1272,10510,14,1,5773,5
1273,10510,25,2,484,10
1274,10511,21,1,5870,10
1275,10511,32,2,581,15
1276,10511,43,3,792,0
1277,10512,28,1,467,15
1278,10512,39,2,678,0
1279,10512,50,3,889,5
1280,10512,11,4,1100,10
1281,10513,35,1,564,0
1282,10514,42,1,661,5
1283,10514,3,2,872,10
1284,10515,49,1,758,10
1285,10515,10,2,969,15
1286,10515,21,3,1180,0
1287,10516,6,1,855,15
1288,10516,17,2,1066,0
1289,10516,28,3,1277,5
1290,10516,39,4,1488,10
1291,10517,13,1,952,0
1292,10518,20,1,1049,5
1293,10518,31,2,1260,10
1294,10519,27,1,1146,10
1295,10519,38,2,1357,15
1296,10519,49,3,1568,0
1297,10520,34,1,1243,15
1298,10520,45,2,1454,0
1299,10520,6,3,1665,5
1300,10520,17,4,1876,10
1301,10521,41,1,1340,0
1302,10522,48,1,1437,5
1303,10522,9,2,1648,10
1304,10523,5,1,1534,10
1305,10523,16,2,1745,15
1306,10523,27,3,1956,0
1307,10524,12,1,1631,15
1308,10524,23,2,1842,0
1309,10524,34,3,2053,5
1310,10524,45,4,2264,10
1311,10525,19,1,1728,0
1312,10526,26,1,1825,5
1313,10526,37,2,2036,10
1314,10527,33,1,1922,10
1315,10527,44,2,2133,15
1316,10527,5,3,2344,0
1317,10528,40,1,2019,15
1318,10528,1,2,2230,0
1319,10528,12,3,2441,5
1320,10528,23,4,2652,10
1321,10529,47,1,2116,0
1322,10530,4,1,2213,5
1323,10530,15,2,2424,10
1324,10531,11,1,2310,10
1325,10531,22,2,2521,15
1326,10531,33,3,2732,0
1327,10532,18,1,2407,15
1328,10532,29,2,2618,0
1329,10532,40,3,2829,5
1330,10532,1,4,3040,10
1331,10533,25,1,2504,0
1332,10534,32,1,2601,5
1333,10534,43,2,2812,10
1334,10535,39,1,2698,10
1335,10535,50,2,2909,15
1336,10535,11,3,3120,0
1337,10536,46,1,2795,15
1338,10536,7,2,3006,0
1339,10536,18,3,3217,5
1340,10536,29,4,3428,10
1341,10537,3,1,2892,0
1342,10538,10,1,2989,5
1343,10538,21,2,3200,10
1344,10539,17,1,3086,10
1345,10539,28,2,3297,15
1346,10539,39,3,3508,0
1347,10540,24,1,3183,15
1348,10540,35,2,3394,0
1349,10540,46,3,3605,5
1350,10540,7,4,3816,10
1351,10541,31,1,3280,0
1352,10542,38,1,3377,5
1353,10542,49,2,3588,10
1354,10543,45,1,3474,10
1355,10543,6,2,3685,15
1356,10543,17,3,3896,0
1357,10544,2,1,3571,15
1358,10544,13,2,3782,0
1359,10544,24,3,3993,5
1360,10544,35,4,4204,10
1361,10545,9,1,3668,0
1362,10546,16,1,3765,5
1363,10546,27,2,3976,10
1364,10547,23,1,3862,10
1365,10547,34,2,4073,15
1366,10547,45,3,4284,0
1367,10548,30,1,3959,15
1368,10548,41,2,4170,0
1369,10548,2,3,4381,5
1370,10548,13,4,4592,10
1371,10549,37,1,4056,0
1372,10550,44,1,4153,5
1373,10550,5,2,4364,10
1374,10551,1,1,4250,10
1375,10551,12,2,4461,15
1376,10551,23,3,4672,0
1377,10552,8,1,4347,15
1378,10552,19,2,4558,0
1379,10552,30,3,4769,5
1380,10552,41,4,4980,10
1381,10553,15,1,4444,0
1382,10554,22,1,4541,5
1383,10554,33,2,4752,10
1384,10555,29,1,4638,10
1385,10555,40,2,4849,15
1386,10555,1,3,5060,0
1387,10556,36,1,4735,15
1388,10556,47,2,4946,0
1389,10556,8,3,5157,5
1390,10556,19,4,5368,10
1391,10557,43,1,4832,0
1392,10558,50,1,4929,5
1393,10558,11,2,5140,10
1394,10559,7,1,5026,10
1395,10559,18,2,5237,15
1396,10559,29,3,5448,0
1397,10560,14,1,5123,15
1398,10560,25,2,5334,0
1399,10560,36,3,5545,5
1400,10560,47,4,5756,10
1401,10561,21,1,5220,0
1402,10562,28,1,5317,5
1403,10562,39,2,5528,10
1404,10563,35,1,5414,10
1405,10563,46,2,5625,15
1406,10563,7,3,5836,0
1407,10564,42,1,5511,15
1408,10564,3,2,5722,0
1409,10564,14,3,433,5
1410,10564,25,4,644,10
1411,10565,49,1,5608,0
1412,10566,6,1,5705,5
1413,10566,17,2,416,10
1414,10567,13,1,5802,10
1415,10567,24,2,513,15
1416,10567,35,3,724,0
1417,10568,20,1,5899,15
1418,10568,31,2,610,0
1419,10568,42,3,821,5
1420,10568,3,4,1032,10
1421,10569,27,1,496,0
1422,10570,34,1,593,5
1423,10570,45,2,804,10
1424,10571,41,1,690,10
1425,10571,2,2,901,15
1426,10571,13,3,1112,0
1427,10572,48,1,787,15
1428,10572,9,2,998,0
1429,10572,20,3,1209,5
1430,10572,31,4,1420,10
1431,10573,5,1,884,0
1432,10574,12,1,981,5
1433,10574,23,2,1192,10
1434,10575,19,1,1078,10
1435,10575,30,2,1289,15
1436,10575,41,3,1500,0
1437,10576,26,1,1175,15
1438,10576,37,2,1386,0
1439,10576,48,3,1597,5
1440,10576,9,4,1808,10
1441,10577,33,1,1272,0
1442,10578,40,1,1369,5
1443,10578,1,2,1580,10
1444,10579,47,1,1466,10
1445,10579,8,2,1677,15
1446,10579,19,3,1888,0
1447,10580,4,1,1563,15
1448,10580,15,2,1774,0
1449,10580,26,3,1985,5
1450,10580,37,4,2196,10
1451,10581,11,1,1660,0
1452,10582,18,1,1757,5
1453,10582,29,2,1968,10
1454,10583,25,1,1854,10
1455,10583,36,2,2065,15
1456,10583,47,3,2276,0
1457,10584,32,1,1951,15
1458,10584,43,2,2162,0
1459,10584,4,3,2373,5
1460,10584,15,4,2584,10
1461,10585,39,1,2048,0
1462,10586,46,1,2145,5
1463,10586,7,2,2356,10
1464,10587,3,1,2242,10
1465,10587,14,2,2453,15
1466,10587,25,3,2664,0
1467,10588,10,1,2339,15
1468,10588,21,2,2550,0
1469,10588,32,3,2761,5
1470,10588,43,4,2972,10
1471,10589,17,1,2436,0
1472,10590,24,1,2533,5
1473,10590,35,2,2744,10
1474,10591,31,1,2630,10
1475,10591,42,2,2841,15
1476,10591,3,3,3052,0
1477,10592,38,1,2727,15
1478,10592,49,2,2938,0
1479,10592,10,3,3149,5
1480,10592,21,4,3360,10
1481,10593,45,1,2824,0
1482,10594,2,1,2921,5
1483,10594,13,2,3132,10
1484,10595,9,1,3018,10
1485,10595,20,2,3229,15
1486,10595,31,3,3440,0
1487,10596,16,1,3115,15
1488,10596,27,2,3326,0
1489,10596,38,3,3537,5
1490,10596,49,4,3748,10
1491,10597,23,1,3212,0
1492,10598,30,1,3309,5
1493,10598,41,2,3520,10
1494,10599,37,1,3406,10
1495,10599,48,2,3617,15
1496,10599,9,3,3828,0
1497,10600,44,1,3503,15
1498,10600,5,2,3714,0
1499,10600,16,3,3925,5
1500,10600,27,4,4136,10
