customer_key,customer_id,customer_name,email,city,state,customer_segment,signup_date,last_modified,effective_from,effective_to,is_current
1,1,Customer 1,customer1@example.com,Chennai,Tamil Nadu,Premium,2025-01-04,2026-08-01 09:00:00,2026-09-01,9999-12-31,True
2,2,Customer 2,customer2@example.com,Bengaluru,Karnataka,Corporate,2025-02-07,2026-08-02 09:00:00,2026-09-01,9999-12-31,True
3,3,Customer 3,customer3@example.com,Hyderabad,Telangana,Standard,2025-03-10,2026-08-03 09:00:00,2026-09-01,9999-12-31,True
4,4,Customer 4,customer4@example.com,Mumbai,Maharashtra,Premium,2025-04-13,2026-08-04 09:00:00,2026-09-01,9999-12-31,True
5,5,Customer 5,customer5@example.com,Pune,Maharashtra,Corporate,2025-05-16,2026-08-05 09:00:00,2026-09-01,9999-12-31,True
6,6,Customer 6,customer6@example.com,Kochi,Kerala,Standard,2025-06-19,2026-08-06 09:00:00,2026-09-01,9999-12-31,True
7,7,Customer 7,customer7@example.com,Chennai,Tamil Nadu,Premium,2025-07-22,2026-08-07 09:00:00,2026-09-01,9999-12-31,True
8,8,Customer 8,customer8@example.com,Bengaluru,Karnataka,Corporate,2025-08-25,2026-08-08 09:00:00,2026-09-01,9999-12-31,True
9,9,Customer 9,customer9@example.com,Hyderabad,Telangana,Standard,2025-09-01,2026-08-09 09:00:00,2026-09-01,9999-12-31,True
10,10,Customer 10,customer10@example.com,Mumbai,Maharashtra,Premium,2025-10-04,2026-08-10 09:00:00,2026-09-01,9999-12-31,True
11,11,Customer 11,customer11@example.com,Pune,Maharashtra,Corporate,2025-11-07,2026-08-11 09:00:00,2026-09-01,9999-12-31,True
12,12,Customer 12,customer12@example.com,Kochi,Kerala,Standard,2025-12-10,2026-08-12 09:00:00,2026-09-01,9999-12-31,True
13,13,Customer 13,customer13@example.com,Chennai,Tamil Nadu,Premium,2025-01-13,2026-08-13 09:00:00,2026-09-01,9999-12-31,True
14,14,Customer 14,customer14@example.com,Bengaluru,Karnataka,Corporate,2025-02-16,2026-08-14 09:00:00,2026-09-01,9999-12-31,True
15,15,Customer 15,customer15@example.com,Hyderabad,Telangana,Standard,2025-03-19,2026-08-15 09:00:00,2026-09-01,9999-12-31,True
16,16,Customer 16,customer16@example.com,Mumbai,Maharashtra,Premium,2025-04-22,2026-08-16 09:00:00,2026-09-01,9999-12-31,True
17,17,Customer 17,customer17@example.com,Pune,Maharashtra,Corporate,2025-05-25,2026-08-17 09:00:00,2026-09-01,9999-12-31,True
18,18,Customer 18,customer18@example.com,Kochi,Kerala,Standard,2025-06-01,2026-08-18 09:00:00,2026-09-01,9999-12-31,True
19,19,Customer 19,customer19@example.com,Chennai,Tamil Nadu,Premium,2025-07-04,2026-08-19 09:00:00,2026-09-01,9999-12-31,True
20,20,Customer 20,customer20@example.com,Bengaluru,Karnataka,Corporate,2025-08-07,2026-08-20 09:00:00,2026-09-01,9999-12-31,True
