order_id,customer_id,order_date,order_status,sales_channel,last_modified
10001,1,2026-01-01,Placed,Web,2026-01-01 18:00:00
10002,2,2026-01-02,Paid,Mobile,2026-01-02 18:00:00
10003,3,2026-01-03,Shipped,Store,2026-01-03 18:00:00
10004,4,2026-01-04,Delivered,Web,2026-01-04 18:00:00
10005,5,2026-01-05,Cancelled,Mobile,2026-01-05 18:00:00
10006,6,2026-01-06,Placed,Store,2026-01-06 18:00:00
10007,7,2026-01-07,Paid,Web,2026-01-07 18:00:00
10008,8,2026-01-08,Shipped,Mobile,2026-01-08 18:00:00
10009,9,2026-01-09,Delivered,Store,2026-01-09 18:00:00
10010,10,2026-01-10,Cancelled,Web,2026-01-10 18:00:00
10011,11,2026-01-11,Placed,Mobile,2026-01-11 18:00:00
10012,12,2026-01-12,Paid,Store,2026-01-12 18:00:00
10013,13,2026-01-13,Shipped,Web,2026-01-13 18:00:00
10014,14,2026-01-14,Delivered,Mobile,2026-01-14 18:00:00
10015,15,2026-01-15,Cancelled,Store,2026-01-15 18:00:00
10016,16,2026-01-16,Placed,Web,2026-01-16 18:00:00
10017,17,2026-01-17,Paid,Mobile,2026-01-17 18:00:00
10018,18,2026-01-18,Shipped,Store,2026-01-18 18:00:00
10019,19,2026-01-19,Delivered,Web,2026-01-19 18:00:00
10020,20,2026-01-20,Cancelled,Mobile,2026-01-20 18:00:00
10021,21,2026-01-21,Placed,Store,2026-01-21 18:00:00
10022,22,2026-01-22,Paid,Web,2026-01-22 18:00:00
10023,23,2026-01-23,Shipped,Mobile,2026-01-23 18:00:00
10024,24,2026-01-24,Delivered,Store,2026-01-24 18:00:00
10025,25,2026-01-25,Cancelled,Web,2026-01-25 18:00:00
10026,26,2026-01-26,Placed,Mobile,2026-01-26 18:00:00
10027,27,2026-01-27,Paid,Store,2026-01-27 18:00:00
10028,28,2026-01-28,Shipped,Web,2026-01-28 18:00:00
10029,29,2026-01-29,Delivered,Mobile,2026-01-29 18:00:00
10030,30,2026-01-30,Cancelled,Store,2026-01-30 18:00:00
10031,31,2026-01-31,Placed,Web,2026-01-31 18:00:00
10032,32,2026-02-01,Paid,Mobile,2026-02-01 18:00:00
10033,33,2026-02-02,Shipped,Store,2026-02-02 18:00:00
10034,34,2026-02-03,Delivered,Web,2026-02-03 18:00:00
10035,35,2026-02-04,Cancelled,Mobile,2026-02-04 18:00:00
10036,36,2026-02-05,Placed,Store,2026-02-05 18:00:00
10037,37,2026-02-06,Paid,Web,2026-02-06 18:00:00
10038,38,2026-02-07,Shipped,Mobile,2026-02-07 18:00:00
10039,39,2026-02-08,Delivered,Store,2026-02-08 18:00:00
10040,40,2026-02-09,Cancelled,Web,2026-02-09 18:00:00
10041,41,2026-02-10,Placed,Mobile,2026-02-10 18:00:00
10042,42,2026-02-11,Paid,Store,2026-02-11 18:00:00
10043,43,2026-02-12,Shipped,Web,2026-02-12 18:00:00
10044,44,2026-02-13,Delivered,Mobile,2026-02-13 18:00:00
10045,45,2026-02-14,Cancelled,Store,2026-02-14 18:00:00
10046,46,2026-02-15,Placed,Web,2026-02-15 18:00:00
10047,47,2026-02-16,Paid,Mobile,2026-02-16 18:00:00
10048,48,2026-02-17,Shipped,Store,2026-02-17 18:00:00
10049,49,2026-02-18,Delivered,Web,2026-02-18 18:00:00
10050,50,2026-02-19,Cancelled,Mobile,2026-02-19 18:00:00
10051,51,2026-02-20,Placed,Store,2026-02-20 18:00:00
10052,52,2026-02-21,Paid,Web,2026-02-21 18:00:00
10053,53,2026-02-22,Shipped,Mobile,2026-02-22 18:00:00
10054,54,2026-02-23,Delivered,Store,2026-02-23 18:00:00
10055,55,2026-02-24,Cancelled,Web,2026-02-24 18:00:00
10056,56,2026-02-25,Placed,Mobile,2026-02-25 18:00:00
10057,57,2026-02-26,Paid,Store,2026-02-26 18:00:00
10058,58,2026-02-27,Shipped,Web,2026-02-27 18:00:00
10059,59,2026-02-28,Delivered,Mobile,2026-02-28 18:00:00
10060,60,2026-03-01,Cancelled,Store,2026-03-01 18:00:00
10061,61,2026-03-02,Placed,Web,2026-03-02 18:00:00
10062,62,2026-03-03,Paid,Mobile,2026-03-03 18:00:00
10063,63,2026-03-04,Shipped,Store,2026-03-04 18:00:00
10064,64,2026-03-05,Delivered,Web,2026-03-05 18:00:00
10065,65,2026-03-06,Cancelled,Mobile,2026-03-06 18:00:00
10066,66,2026-03-07,Placed,Store,2026-03-07 18:00:00
10067,67,2026-03-08,Paid,Web,2026-03-08 18:00:00
10068,68,2026-03-09,Shipped,Mobile,2026-03-09 18:00:00
10069,69,2026-03-10,Delivered,Store,2026-03-10 18:00:00
10070,70,2026-03-11,Cancelled,Web,2026-03-11 18:00:00
10071,71,2026-03-12,Placed,Mobile,2026-03-12 18:00:00
10072,72,2026-03-13,Paid,Store,2026-03-13 18:00:00
10073,73,2026-03-14,Shipped,Web,2026-03-14 18:00:00
10074,74,2026-03-15,Delivered,Mobile,2026-03-15 18:00:00
10075,75,2026-03-16,Cancelled,Store,2026-03-16 18:00:00
10076,76,2026-03-17,Placed,Web,2026-03-17 18:00:00
10077,77,2026-03-18,Paid,Mobile,2026-03-18 18:00:00
10078,78,2026-03-19,Shipped,Store,2026-03-19 18:00:00
10079,79,2026-03-20,Delivered,Web,2026-03-20 18:00:00
10080,80,2026-03-21,Cancelled,Mobile,2026-03-21 18:00:00
10081,81,2026-03-22,Placed,Store,2026-03-22 18:00:00
10082,82,2026-03-23,Paid,Web,2026-03-23 18:00:00
10083,83,2026-03-24,Shipped,Mobile,2026-03-24 18:00:00
10084,84,2026-03-25,Delivered,Store,2026-03-25 18:00:00
10085,85,2026-03-26,Cancelled,Web,2026-03-26 18:00:00
10086,86,2026-03-27,Placed,Mobile,2026-03-27 18:00:00
10087,87,2026-03-28,Paid,Store,2026-03-28 18:00:00
10088,88,2026-03-29,Shipped,Web,2026-03-29 18:00:00
10089,89,2026-03-30,Delivered,Mobile,2026-03-30 18:00:00
10090,90,2026-03-31,Cancelled,Store,2026-03-31 18:00:00
10091,91,2026-04-01,Placed,Web,2026-04-01 18:00:00
10092,92,2026-04-02,Paid,Mobile,2026-04-02 18:00:00
10093,93,2026-04-03,Shipped,Store,2026-04-03 18:00:00
10094,94,2026-04-04,Delivered,Web,2026-04-04 18:00:00
10095,95,2026-04-05,Cancelled,Mobile,2026-04-05 18:00:00
10096,96,2026-04-06,Placed,Store,2026-04-06 18:00:00
10097,97,2026-04-07,Paid,Web,2026-04-07 18:00:00
10098,98,2026-04-08,Shipped,Mobile,2026-04-08 18:00:00
10099,99,2026-04-09,Delivered,Store,2026-04-09 18:00:00
10100,100,2026-04-10,Cancelled,Web,2026-04-10 18:00:00
10101,1,2026-04-11,Placed,Mobile,2026-04-11 18:00:00
10102,2,2026-04-12,Paid,Store,2026-04-12 18:00:00
10103,3,2026-04-13,Shipped,Web,2026-04-13 18:00:00
10104,4,2026-04-14,Delivered,Mobile,2026-04-14 18:00:00
10105,5,2026-04-15,Cancelled,Store,2026-04-15 18:00:00
10106,6,2026-04-16,Placed,Web,2026-04-16 18:00:00
10107,7,2026-04-17,Paid,Mobile,2026-04-17 18:00:00
10108,8,2026-04-18,Shipped,Store,2026-04-18 18:00:00
10109,9,2026-04-19,Delivered,Web,2026-04-19 18:00:00
10110,10,2026-04-20,Cancelled,Mobile,2026-04-20 18:00:00
10111,11,2026-04-21,Placed,Store,2026-04-21 18:00:00
10112,12,2026-04-22,Paid,Web,2026-04-22 18:00:00
10113,13,2026-04-23,Shipped,Mobile,2026-04-23 18:00:00
10114,14,2026-04-24,Delivered,Store,2026-04-24 18:00:00
10115,15,2026-04-25,Cancelled,Web,2026-04-25 18:00:00
10116,16,2026-04-26,Placed,Mobile,2026-04-26 18:00:00
10117,17,2026-04-27,Paid,Store,2026-04-27 18:00:00
10118,18,2026-04-28,Shipped,Web,2026-04-28 18:00:00
10119,19,2026-04-29,Delivered,Mobile,2026-04-29 18:00:00
10120,20,2026-04-30,Cancelled,Store,2026-04-30 18:00:00
10121,21,2026-05-01,Placed,Web,2026-05-01 18:00:00
10122,22,2026-05-02,Paid,Mobile,2026-05-02 18:00:00
10123,23,2026-05-03,Shipped,Store,2026-05-03 18:00:00
10124,24,2026-05-04,Delivered,Web,2026-05-04 18:00:00
10125,25,2026-05-05,Cancelled,Mobile,2026-05-05 18:00:00
10126,26,2026-05-06,Placed,Store,2026-05-06 18:00:00
10127,27,2026-05-07,Paid,Web,2026-05-07 18:00:00
10128,28,2026-05-08,Shipped,Mobile,2026-05-08 18:00:00
10129,29,2026-05-09,Delivered,Store,2026-05-09 18:00:00
10130,30,2026-05-10,Cancelled,Web,2026-05-10 18:00:00
10131,31,2026-05-11,Placed,Mobile,2026-05-11 18:00:00
10132,32,2026-05-12,Paid,Store,2026-05-12 18:00:00
10133,33,2026-05-13,Shipped,Web,2026-05-13 18:00:00
10134,34,2026-05-14,Delivered,Mobile,2026-05-14 18:00:00
10135,35,2026-05-15,Cancelled,Store,2026-05-15 18:00:00
10136,36,2026-05-16,Placed,Web,2026-05-16 18:00:00
10137,37,2026-05-17,Paid,Mobile,2026-05-17 18:00:00
10138,38,2026-05-18,Shipped,Store,2026-05-18 18:00:00
10139,39,2026-05-19,Delivered,Web,2026-05-19 18:00:00
10140,40,2026-05-20,Cancelled,Mobile,2026-05-20 18:00:00
10141,41,2026-05-21,Placed,Store,2026-05-21 18:00:00
10142,42,2026-05-22,Paid,Web,2026-05-22 18:00:00
10143,43,2026-05-23,Shipped,Mobile,2026-05-23 18:00:00
10144,44,2026-05-24,Delivered,Store,2026-05-24 18:00:00
10145,45,2026-05-25,Cancelled,Web,2026-05-25 18:00:00
10146,46,2026-05-26,Placed,Mobile,2026-05-26 18:00:00
10147,47,2026-05-27,Paid,Store,2026-05-27 18:00:00
10148,48,2026-05-28,Shipped,Web,2026-05-28 18:00:00
10149,49,2026-05-29,Delivered,Mobile,2026-05-29 18:00:00
10150,50,2026-05-30,Cancelled,Store,2026-05-30 18:00:00
10151,51,2026-05-31,Placed,Web,2026-05-31 18:00:00
10152,52,2026-06-01,Paid,Mobile,2026-06-01 18:00:00
10153,53,2026-06-02,Shipped,Store,2026-06-02 18:00:00
10154,54,2026-06-03,Delivered,Web,2026-06-03 18:00:00
10155,55,2026-06-04,Cancelled,Mobile,2026-06-04 18:00:00
10156,56,2026-06-05,Placed,Store,2026-06-05 18:00:00
10157,57,2026-06-06,Paid,Web,2026-06-06 18:00:00
10158,58,2026-06-07,Shipped,Mobile,2026-06-07 18:00:00
10159,59,2026-06-08,Delivered,Store,2026-06-08 18:00:00
10160,60,2026-06-09,Cancelled,Web,2026-06-09 18:00:00
10161,61,2026-06-10,Placed,Mobile,2026-06-10 18:00:00
10162,62,2026-06-11,Paid,Store,2026-06-11 18:00:00
10163,63,2026-06-12,Shipped,Web,2026-06-12 18:00:00
10164,64,2026-06-13,Delivered,Mobile,2026-06-13 18:00:00
10165,65,2026-06-14,Cancelled,Store,2026-06-14 18:00:00
10166,66,2026-06-15,Placed,Web,2026-06-15 18:00:00
10167,67,2026-06-16,Paid,Mobile,2026-06-16 18:00:00
10168,68,2026-06-17,Shipped,Store,2026-06-17 18:00:00
10169,69,2026-06-18,Delivered,Web,2026-06-18 18:00:00
10170,70,2026-06-19,Cancelled,Mobile,2026-06-19 18:00:00
10171,71,2026-06-20,Placed,Store,2026-06-20 18:00:00
10172,72,2026-06-21,Paid,Web,2026-06-21 18:00:00
10173,73,2026-06-22,Shipped,Mobile,2026-06-22 18:00:00
10174,74,2026-06-23,Delivered,Store,2026-06-23 18:00:00
10175,75,2026-06-24,Cancelled,Web,2026-06-24 18:00:00
10176,76,2026-06-25,Placed,Mobile,2026-06-25 18:00:00
10177,77,2026-06-26,Paid,Store,2026-06-26 18:00:00
10178,78,2026-06-27,Shipped,Web,2026-06-27 18:00:00
10179,79,2026-06-28,Delivered,Mobile,2026-06-28 18:00:00
10180,80,2026-06-29,Cancelled,Store,2026-06-29 18:00:00
10181,81,2026-06-30,Placed,Web,2026-06-30 18:00:00
10182,82,2026-07-01,Paid,Mobile,2026-07-01 18:00:00
10183,83,2026-07-02,Shipped,Store,2026-07-02 18:00:00
10184,84,2026-07-03,Delivered,Web,2026-07-03 18:00:00
10185,85,2026-07-04,Cancelled,Mobile,2026-07-04 18:00:00
10186,86,2026-07-05,Placed,Store,2026-07-05 18:00:00
10187,87,2026-07-06,Paid,Web,2026-07-06 18:00:00
10188,88,2026-07-07,Shipped,Mobile,2026-07-07 18:00:00
10189,89,2026-07-08,Delivered,Store,2026-07-08 18:00:00
10190,90,2026-07-09,Cancelled,Web,2026-07-09 18:00:00
10191,91,2026-07-10,Placed,Mobile,2026-07-10 18:00:00
10192,92,2026-07-11,Paid,Store,2026-07-11 18:00:00
10193,93,2026-07-12,Shipped,Web,2026-07-12 18:00:00
10194,94,2026-07-13,Delivered,Mobile,2026-07-13 18:00:00
10195,95,2026-07-14,Cancelled,Store,2026-07-14 18:00:00
10196,96,2026-07-15,Placed,Web,2026-07-15 18:00:00
10197,97,2026-07-16,Paid,Mobile,2026-07-16 18:00:00
10198,98,2026-07-17,Shipped,Store,2026-07-17 18:00:00
10199,99,2026-07-18,Delivered,Web,2026-07-18 18:00:00
10200,100,2026-07-19,Cancelled,Mobile,2026-07-19 18:00:00
10201,1,2026-07-20,Placed,Store,2026-07-20 18:00:00
10202,2,2026-07-21,Paid,Web,2026-07-21 18:00:00
10203,3,2026-07-22,Shipped,Mobile,2026-07-22 18:00:00
10204,4,2026-07-23,Delivered,Store,2026-07-23 18:00:00
10205,5,2026-07-24,Cancelled,Web,2026-07-24 18:00:00
10206,6,2026-07-25,Placed,Mobile,2026-07-25 18:00:00
10207,7,2026-07-26,Paid,Store,2026-07-26 18:00:00
10208,8,2026-07-27,Shipped,Web,2026-07-27 18:00:00
10209,9,2026-07-28,Delivered,Mobile,2026-07-28 18:00:00
10210,10,2026-07-29,Cancelled,Store,2026-07-29 18:00:00
10211,11,2026-07-30,Placed,Web,2026-07-30 18:00:00
10212,12,2026-07-31,Paid,Mobile,2026-07-31 18:00:00
10213,13,2026-08-01,Shipped,Store,2026-08-01 18:00:00
10214,14,2026-08-02,Delivered,Web,2026-08-02 18:00:00
10215,15,2026-08-03,Cancelled,Mobile,2026-08-03 18:00:00
10216,16,2026-08-04,Placed,Store,2026-08-04 18:00:00
10217,17,2026-08-05,Paid,Web,2026-08-05 18:00:00
10218,18,2026-08-06,Shipped,Mobile,2026-08-06 18:00:00
10219,19,2026-08-07,Delivered,Store,2026-08-07 18:00:00
10220,20,2026-08-08,Cancelled,Web,2026-08-08 18:00:00
10221,21,2026-08-09,Placed,Mobile,2026-08-09 18:00:00
10222,22,2026-08-10,Paid,Store,2026-08-10 18:00:00
10223,23,2026-08-11,Shipped,Web,2026-08-11 18:00:00
10224,24,2026-08-12,Delivered,Mobile,2026-08-12 18:00:00
10225,25,2026-08-13,Cancelled,Store,2026-08-13 18:00:00
10226,26,2026-08-14,Placed,Web,2026-08-14 18:00:00
10227,27,2026-08-15,Paid,Mobile,2026-08-15 18:00:00
10228,28,2026-08-16,Shipped,Store,2026-08-16 18:00:00
10229,29,2026-08-17,Delivered,Web,2026-08-17 18:00:00
10230,30,2026-08-18,Cancelled,Mobile,2026-08-18 18:00:00
10231,31,2026-08-19,Placed,Store,2026-08-19 18:00:00
10232,32,2026-08-20,Paid,Web,2026-08-20 18:00:00
10233,33,2026-08-21,Shipped,Mobile,2026-08-21 18:00:00
10234,34,2026-08-22,Delivered,Store,2026-08-22 18:00:00
10235,35,2026-08-23,Cancelled,Web,2026-08-23 18:00:00
10236,36,2026-08-24,Placed,Mobile,2026-08-24 18:00:00
10237,37,2026-08-25,Paid,Store,2026-08-25 18:00:00
10238,38,2026-08-26,Shipped,Web,2026-08-26 18:00:00
10239,39,2026-08-27,Delivered,Mobile,2026-08-27 18:00:00
10240,40,2026-08-28,Cancelled,Store,2026-08-28 18:00:00
10241,41,2026-01-01,Placed,Web,2026-01-01 18:00:00
10242,42,2026-01-02,Paid,Mobile,2026-01-02 18:00:00
10243,43,2026-01-03,Shipped,Store,2026-01-03 18:00:00
10244,44,2026-01-04,Delivered,Web,2026-01-04 18:00:00
10245,45,2026-01-05,Cancelled,Mobile,2026-01-05 18:00:00
10246,46,2026-01-06,Placed,Store,2026-01-06 18:00:00
10247,47,2026-01-07,Paid,Web,2026-01-07 18:00:00
10248,48,2026-01-08,Shipped,Mobile,2026-01-08 18:00:00
10249,49,2026-01-09,Delivered,Store,2026-01-09 18:00:00
10250,50,2026-01-10,Cancelled,Web,2026-01-10 18:00:00
10251,51,2026-01-11,Placed,Mobile,2026-01-11 18:00:00
10252,52,2026-01-12,Paid,Store,2026-01-12 18:00:00
10253,53,2026-01-13,Shipped,Web,2026-01-13 18:00:00
10254,54,2026-01-14,Delivered,Mobile,2026-01-14 18:00:00
10255,55,2026-01-15,Cancelled,Store,2026-01-15 18:00:00
10256,56,2026-01-16,Placed,Web,2026-01-16 18:00:00
10257,57,2026-01-17,Paid,Mobile,2026-01-17 18:00:00
10258,58,2026-01-18,Shipped,Store,2026-01-18 18:00:00
10259,59,2026-01-19,Delivered,Web,2026-01-19 18:00:00
10260,60,2026-01-20,Cancelled,Mobile,2026-01-20 18:00:00
10261,61,2026-01-21,Placed,Store,2026-01-21 18:00:00
10262,62,2026-01-22,Paid,Web,2026-01-22 18:00:00
10263,63,2026-01-23,Shipped,Mobile,2026-01-23 18:00:00
10264,64,2026-01-24,Delivered,Store,2026-01-24 18:00:00
10265,65,2026-01-25,Cancelled,Web,2026-01-25 18:00:00
10266,66,2026-01-26,Placed,Mobile,2026-01-26 18:00:00
10267,67,2026-01-27,Paid,Store,2026-01-27 18:00:00
10268,68,2026-01-28,Shipped,Web,2026-01-28 18:00:00
10269,69,2026-01-29,Delivered,Mobile,2026-01-29 18:00:00
10270,70,2026-01-30,Cancelled,Store,2026-01-30 18:00:00
10271,71,2026-01-31,Placed,Web,2026-01-31 18:00:00
10272,72,2026-02-01,Paid,Mobile,2026-02-01 18:00:00
10273,73,2026-02-02,Shipped,Store,2026-02-02 18:00:00
10274,74,2026-02-03,Delivered,Web,2026-02-03 18:00:00
10275,75,2026-02-04,Cancelled,Mobile,2026-02-04 18:00:00
10276,76,2026-02-05,Placed,Store,2026-02-05 18:00:00
10277,77,2026-02-06,Paid,Web,2026-02-06 18:00:00
10278,78,2026-02-07,Shipped,Mobile,2026-02-07 18:00:00
10279,79,2026-02-08,Delivered,Store,2026-02-08 18:00:00
10280,80,2026-02-09,Cancelled,Web,2026-02-09 18:00:00
10281,81,2026-02-10,Placed,Mobile,2026-02-10 18:00:00
10282,82,2026-02-11,Paid,Store,2026-02-11 18:00:00
10283,83,2026-02-12,Shipped,Web,2026-02-12 18:00:00
10284,84,2026-02-13,Delivered,Mobile,2026-02-13 18:00:00
10285,85,2026-02-14,Cancelled,Store,2026-02-14 18:00:00
10286,86,2026-02-15,Placed,Web,2026-02-15 18:00:00
10287,87,2026-02-16,Paid,Mobile,2026-02-16 18:00:00
10288,88,2026-02-17,Shipped,Store,2026-02-17 18:00:00
10289,89,2026-02-18,Delivered,Web,2026-02-18 18:00:00
10290,90,2026-02-19,Cancelled,Mobile,2026-02-19 18:00:00
10291,91,2026-02-20,Placed,Store,2026-02-20 18:00:00
10292,92,2026-02-21,Paid,Web,2026-02-21 18:00:00
10293,93,2026-02-22,Shipped,Mobile,2026-02-22 18:00:00
10294,94,2026-02-23,Delivered,Store,2026-02-23 18:00:00
10295,95,2026-02-24,Cancelled,Web,2026-02-24 18:00:00
10296,96,2026-02-25,Placed,Mobile,2026-02-25 18:00:00
10297,97,2026-02-26,Paid,Store,2026-02-26 18:00:00
10298,98,2026-02-27,Shipped,Web,2026-02-27 18:00:00
10299,99,2026-02-28,Delivered,Mobile,2026-02-28 18:00:00
10300,100,2026-03-01,Cancelled,Store,2026-03-01 18:00:00
10301,1,2026-03-02,Placed,Web,2026-03-02 18:00:00
10302,2,2026-03-03,Paid,Mobile,2026-03-03 18:00:00
10303,3,2026-03-04,Shipped,Store,2026-03-04 18:00:00
10304,4,2026-03-05,Delivered,Web,2026-03-05 18:00:00
10305,5,2026-03-06,Cancelled,Mobile,2026-03-06 18:00:00
10306,6,2026-03-07,Placed,Store,2026-03-07 18:00:00
10307,7,2026-03-08,Paid,Web,2026-03-08 18:00:00
10308,8,2026-03-09,Shipped,Mobile,2026-03-09 18:00:00
10309,9,2026-03-10,Delivered,Store,2026-03-10 18:00:00
10310,10,2026-03-11,Cancelled,Web,2026-03-11 18:00:00
10311,11,2026-03-12,Placed,Mobile,2026-03-12 18:00:00
10312,12,2026-03-13,Paid,Store,2026-03-13 18:00:00
10313,13,2026-03-14,Shipped,Web,2026-03-14 18:00:00
10314,14,2026-03-15,Delivered,Mobile,2026-03-15 18:00:00
10315,15,2026-03-16,Cancelled,Store,2026-03-16 18:00:00
10316,16,2026-03-17,Placed,Web,2026-03-17 18:00:00
10317,17,2026-03-18,Paid,Mobile,2026-03-18 18:00:00
10318,18,2026-03-19,Shipped,Store,2026-03-19 18:00:00
10319,19,2026-03-20,Delivered,Web,2026-03-20 18:00:00
10320,20,2026-03-21,Cancelled,Mobile,2026-03-21 18:00:00
10321,21,2026-03-22,Placed,Store,2026-03-22 18:00:00
10322,22,2026-03-23,Paid,Web,2026-03-23 18:00:00
10323,23,2026-03-24,Shipped,Mobile,2026-03-24 18:00:00
10324,24,2026-03-25,Delivered,Store,2026-03-25 18:00:00
10325,25,2026-03-26,Cancelled,Web,2026-03-26 18:00:00
10326,26,2026-03-27,Placed,Mobile,2026-03-27 18:00:00
10327,27,2026-03-28,Paid,Store,2026-03-28 18:00:00
10328,28,2026-03-29,Shipped,Web,2026-03-29 18:00:00
10329,29,2026-03-30,Delivered,Mobile,2026-03-30 18:00:00
10330,30,2026-03-31,Cancelled,Store,2026-03-31 18:00:00
10331,31,2026-04-01,Placed,Web,2026-04-01 18:00:00
10332,32,2026-04-02,Paid,Mobile,2026-04-02 18:00:00
10333,33,2026-04-03,Shipped,Store,2026-04-03 18:00:00
10334,34,2026-04-04,Delivered,Web,2026-04-04 18:00:00
10335,35,2026-04-05,Cancelled,Mobile,2026-04-05 18:00:00
10336,36,2026-04-06,Placed,Store,2026-04-06 18:00:00
10337,37,2026-04-07,Paid,Web,2026-04-07 18:00:00
10338,38,2026-04-08,Shipped,Mobile,2026-04-08 18:00:00
10339,39,2026-04-09,Delivered,Store,2026-04-09 18:00:00
10340,40,2026-04-10,Cancelled,Web,2026-04-10 18:00:00
10341,41,2026-04-11,Placed,Mobile,2026-04-11 18:00:00
10342,42,2026-04-12,Paid,Store,2026-04-12 18:00:00
10343,43,2026-04-13,Shipped,Web,2026-04-13 18:00:00
10344,44,2026-04-14,Delivered,Mobile,2026-04-14 18:00:00
10345,45,2026-04-15,Cancelled,Store,2026-04-15 18:00:00
10346,46,2026-04-16,Placed,Web,2026-04-16 18:00:00
10347,47,2026-04-17,Paid,Mobile,2026-04-17 18:00:00
10348,48,2026-04-18,Shipped,Store,2026-04-18 18:00:00
10349,49,2026-04-19,Delivered,Web,2026-04-19 18:00:00
10350,50,2026-04-20,Cancelled,Mobile,2026-04-20 18:00:00
10351,51,2026-04-21,Placed,Store,2026-04-21 18:00:00
10352,52,2026-04-22,Paid,Web,2026-04-22 18:00:00
10353,53,2026-04-23,Shipped,Mobile,2026-04-23 18:00:00
10354,54,2026-04-24,Delivered,Store,2026-04-24 18:00:00
10355,55,2026-04-25,Cancelled,Web,2026-04-25 18:00:00
10356,56,2026-04-26,Placed,Mobile,2026-04-26 18:00:00
10357,57,2026-04-27,Paid,Store,2026-04-27 18:00:00
10358,58,2026-04-28,Shipped,Web,2026-04-28 18:00:00
10359,59,2026-04-29,Delivered,Mobile,2026-04-29 18:00:00
10360,60,2026-04-30,Cancelled,Store,2026-04-30 18:00:00
10361,61,2026-05-01,Placed,Web,2026-05-01 18:00:00
10362,62,2026-05-02,Paid,Mobile,2026-05-02 18:00:00
10363,63,2026-05-03,Shipped,Store,2026-05-03 18:00:00
10364,64,2026-05-04,Delivered,Web,2026-05-04 18:00:00
10365,65,2026-05-05,Cancelled,Mobile,2026-05-05 18:00:00
10366,66,2026-05-06,Placed,Store,2026-05-06 18:00:00
10367,67,2026-05-07,Paid,Web,2026-05-07 18:00:00
10368,68,2026-05-08,Shipped,Mobile,2026-05-08 18:00:00
10369,69,2026-05-09,Delivered,Store,2026-05-09 18:00:00
10370,70,2026-05-10,Cancelled,Web,2026-05-10 18:00:00
10371,71,2026-05-11,Placed,Mobile,2026-05-11 18:00:00
10372,72,2026-05-12,Paid,Store,2026-05-12 18:00:00
10373,73,2026-05-13,Shipped,Web,2026-05-13 18:00:00
10374,74,2026-05-14,Delivered,Mobile,2026-05-14 18:00:00
10375,75,2026-05-15,Cancelled,Store,2026-05-15 18:00:00
10376,76,2026-05-16,Placed,Web,2026-05-16 18:00:00
10377,77,2026-05-17,Paid,Mobile,2026-05-17 18:00:00
10378,78,2026-05-18,Shipped,Store,2026-05-18 18:00:00
10379,79,2026-05-19,Delivered,Web,2026-05-19 18:00:00
10380,80,2026-05-20,Cancelled,Mobile,2026-05-20 18:00:00
10381,81,2026-05-21,Placed,Store,2026-05-21 18:00:00
10382,82,2026-05-22,Paid,Web,2026-05-22 18:00:00
10383,83,2026-05-23,Shipped,Mobile,2026-05-23 18:00:00
10384,84,2026-05-24,Delivered,Store,2026-05-24 18:00:00
10385,85,2026-05-25,Cancelled,Web,2026-05-25 18:00:00
10386,86,2026-05-26,Placed,Mobile,2026-05-26 18:00:00
10387,87,2026-05-27,Paid,Store,2026-05-27 18:00:00
10388,88,2026-05-28,Shipped,Web,2026-05-28 18:00:00
10389,89,2026-05-29,Delivered,Mobile,2026-05-29 18:00:00
10390,90,2026-05-30,Cancelled,Store,2026-05-30 18:00:00
10391,91,2026-05-31,Placed,Web,2026-05-31 18:00:00
10392,92,2026-06-01,Paid,Mobile,2026-06-01 18:00:00
10393,93,2026-06-02,Shipped,Store,2026-06-02 18:00:00
10394,94,2026-06-03,Delivered,Web,2026-06-03 18:00:00
10395,95,2026-06-04,Cancelled,Mobile,2026-06-04 18:00:00
10396,96,2026-06-05,Placed,Store,2026-06-05 18:00:00
10397,97,2026-06-06,Paid,Web,2026-06-06 18:00:00
10398,98,2026-06-07,Shipped,Mobile,2026-06-07 18:00:00
10399,99,2026-06-08,Delivered,Store,2026-06-08 18:00:00
10400,100,2026-06-09,Cancelled,Web,2026-06-09 18:00:00
10401,1,2026-06-10,Placed,Mobile,2026-06-10 18:00:00
10402,2,2026-06-11,Paid,Store,2026-06-11 18:00:00
10403,3,2026-06-12,Shipped,Web,2026-06-12 18:00:00
10404,4,2026-06-13,Delivered,Mobile,2026-06-13 18:00:00
10405,5,2026-06-14,Cancelled,Store,2026-06-14 18:00:00
10406,6,2026-06-15,Placed,Web,2026-06-15 18:00:00
10407,7,2026-06-16,Paid,Mobile,2026-06-16 18:00:00
10408,8,2026-06-17,Shipped,Store,2026-06-17 18:00:00
10409,9,2026-06-18,Delivered,Web,2026-06-18 18:00:00
10410,10,2026-06-19,Cancelled,Mobile,2026-06-19 18:00:00
10411,11,2026-06-20,Placed,Store,2026-06-20 18:00:00
10412,12,2026-06-21,Paid,Web,2026-06-21 18:00:00
10413,13,2026-06-22,Shipped,Mobile,2026-06-22 18:00:00
10414,14,2026-06-23,Delivered,Store,2026-06-23 18:00:00
10415,15,2026-06-24,Cancelled,Web,2026-06-24 18:00:00
10416,16,2026-06-25,Placed,Mobile,2026-06-25 18:00:00
10417,17,2026-06-26,Paid,Store,2026-06-26 18:00:00
10418,18,2026-06-27,Shipped,Web,2026-06-27 18:00:00
10419,19,2026-06-28,Delivered,Mobile,2026-06-28 18:00:00
10420,20,2026-06-29,Cancelled,Store,2026-06-29 18:00:00
10421,21,2026-06-30,Placed,Web,2026-06-30 18:00:00
10422,22,2026-07-01,Paid,Mobile,2026-07-01 18:00:00
10423,23,2026-07-02,Shipped,Store,2026-07-02 18:00:00
10424,24,2026-07-03,Delivered,Web,2026-07-03 18:00:00
10425,25,2026-07-04,Cancelled,Mobile,2026-07-04 18:00:00
10426,26,2026-07-05,Placed,Store,2026-07-05 18:00:00
10427,27,2026-07-06,Paid,Web,2026-07-06 18:00:00
10428,28,2026-07-07,Shipped,Mobile,2026-07-07 18:00:00
10429,29,2026-07-08,Delivered,Store,2026-07-08 18:00:00
10430,30,2026-07-09,Cancelled,Web,2026-07-09 18:00:00
10431,31,2026-07-10,Placed,Mobile,2026-07-10 18:00:00
10432,32,2026-07-11,Paid,Store,2026-07-11 18:00:00
10433,33,2026-07-12,Shipped,Web,2026-07-12 18:00:00
10434,34,2026-07-13,Delivered,Mobile,2026-07-13 18:00:00
10435,35,2026-07-14,Cancelled,Store,2026-07-14 18:00:00
10436,36,2026-07-15,Placed,Web,2026-07-15 18:00:00
10437,37,2026-07-16,Paid,Mobile,2026-07-16 18:00:00
10438,38,2026-07-17,Shipped,Store,2026-07-17 18:00:00
10439,39,2026-07-18,Delivered,Web,2026-07-18 18:00:00
10440,40,2026-07-19,Cancelled,Mobile,2026-07-19 18:00:00
10441,41,2026-07-20,Placed,Store,2026-07-20 18:00:00
10442,42,2026-07-21,Paid,Web,2026-07-21 18:00:00
10443,43,2026-07-22,Shipped,Mobile,2026-07-22 18:00:00
10444,44,2026-07-23,Delivered,Store,2026-07-23 18:00:00
10445,45,2026-07-24,Cancelled,Web,2026-07-24 18:00:00
10446,46,2026-07-25,Placed,Mobile,2026-07-25 18:00:00
10447,47,2026-07-26,Paid,Store,2026-07-26 18:00:00
10448,48,2026-07-27,Shipped,Web,2026-07-27 18:00:00
10449,49,2026-07-28,Delivered,Mobile,2026-07-28 18:00:00
10450,50,2026-07-29,Cancelled,Store,2026-07-29 18:00:00
10451,51,2026-07-30,Placed,Web,2026-07-30 18:00:00
10452,52,2026-07-31,Paid,Mobile,2026-07-31 18:00:00
10453,53,2026-08-01,Shipped,Store,2026-08-01 18:00:00
10454,54,2026-08-02,Delivered,Web,2026-08-02 18:00:00
10455,55,2026-08-03,Cancelled,Mobile,2026-08-03 18:00:00
10456,56,2026-08-04,Placed,Store,2026-08-04 18:00:00
10457,57,2026-08-05,Paid,Web,2026-08-05 18:00:00
10458,58,2026-08-06,Shipped,Mobile,2026-08-06 18:00:00
10459,59,2026-08-07,Delivered,Store,2026-08-07 18:00:00
10460,60,2026-08-08,Cancelled,Web,2026-08-08 18:00:00
10461,61,2026-08-09,Placed,Mobile,2026-08-09 18:00:00
10462,62,2026-08-10,Paid,Store,2026-08-10 18:00:00
10463,63,2026-08-11,Shipped,Web,2026-08-11 18:00:00
10464,64,2026-08-12,Delivered,Mobile,2026-08-12 18:00:00
10465,65,2026-08-13,Cancelled,Store,2026-08-13 18:00:00
10466,66,2026-08-14,Placed,Web,2026-08-14 18:00:00
10467,67,2026-08-15,Paid,Mobile,2026-08-15 18:00:00
10468,68,2026-08-16,Shipped,Store,2026-08-16 18:00:00
10469,69,2026-08-17,Delivered,Web,2026-08-17 18:00:00
10470,70,2026-08-18,Cancelled,Mobile,2026-08-18 18:00:00
10471,71,2026-08-19,Placed,Store,2026-08-19 18:00:00
10472,72,2026-08-20,Paid,Web,2026-08-20 18:00:00
10473,73,2026-08-21,Shipped,Mobile,2026-08-21 18:00:00
10474,74,2026-08-22,Delivered,Store,2026-08-22 18:00:00
10475,75,2026-08-23,Cancelled,Web,2026-08-23 18:00:00
10476,76,2026-08-24,Placed,Mobile,2026-08-24 18:00:00
10477,77,2026-08-25,Paid,Store,2026-08-25 18:00:00
10478,78,2026-08-26,Shipped,Web,2026-08-26 18:00:00
10479,79,2026-08-27,Delivered,Mobile,2026-08-27 18:00:00
10480,80,2026-08-28,Cancelled,Store,2026-08-28 18:00:00
10481,81,2026-01-01,Placed,Web,2026-01-01 18:00:00
10482,82,2026-01-02,Paid,Mobile,2026-01-02 18:00:00
10483,83,2026-01-03,Shipped,Store,2026-01-03 18:00:00
10484,84,2026-01-04,Delivered,Web,2026-01-04 18:00:00
10485,85,2026-01-05,Cancelled,Mobile,2026-01-05 18:00:00
10486,86,2026-01-06,Placed,Store,2026-01-06 18:00:00
10487,87,2026-01-07,Paid,Web,2026-01-07 18:00:00
10488,88,2026-01-08,Shipped,Mobile,2026-01-08 18:00:00
10489,89,2026-01-09,Delivered,Store,2026-01-09 18:00:00
10490,90,2026-01-10,Cancelled,Web,2026-01-10 18:00:00
10491,91,2026-01-11,Placed,Mobile,2026-01-11 18:00:00
10492,92,2026-01-12,Paid,Store,2026-01-12 18:00:00
10493,93,2026-01-13,Shipped,Web,2026-01-13 18:00:00
10494,94,2026-01-14,Delivered,Mobile,2026-01-14 18:00:00
10495,95,2026-01-15,Cancelled,Store,2026-01-15 18:00:00
10496,96,2026-01-16,Placed,Web,2026-01-16 18:00:00
10497,97,2026-01-17,Paid,Mobile,2026-01-17 18:00:00
10498,98,2026-01-18,Shipped,Store,2026-01-18 18:00:00
10499,99,2026-01-19,Delivered,Web,2026-01-19 18:00:00
10500,100,2026-01-20,Cancelled,Mobile,2026-01-20 18:00:00
10501,1,2026-01-21,Placed,Store,2026-01-21 18:00:00
10502,2,2026-01-22,Paid,Web,2026-01-22 18:00:00
10503,3,2026-01-23,Shipped,Mobile,2026-01-23 18:00:00
10504,4,2026-01-24,Delivered,Store,2026-01-24 18:00:00
10505,5,2026-01-25,Cancelled,Web,2026-01-25 18:00:00
10506,6,2026-01-26,Placed,Mobile,2026-01-26 18:00:00
10507,7,2026-01-27,Paid,Store,2026-01-27 18:00:00
10508,8,2026-01-28,Shipped,Web,2026-01-28 18:00:00
10509,9,2026-01-29,Delivered,Mobile,2026-01-29 18:00:00
10510,10,2026-01-30,Cancelled,Store,2026-01-30 18:00:00
10511,11,2026-01-31,Placed,Web,2026-01-31 18:00:00
10512,12,2026-02-01,Paid,Mobile,2026-02-01 18:00:00
10513,13,2026-02-02,Shipped,Store,2026-02-02 18:00:00
10514,14,2026-02-03,Delivered,Web,2026-02-03 18:00:00
10515,15,2026-02-04,Cancelled,Mobile,2026-02-04 18:00:00
10516,16,2026-02-05,Placed,Store,2026-02-05 18:00:00
10517,17,2026-02-06,Paid,Web,2026-02-06 18:00:00
10518,18,2026-02-07,Shipped,Mobile,2026-02-07 18:00:00
10519,19,2026-02-08,Delivered,Store,2026-02-08 18:00:00
10520,20,2026-02-09,Cancelled,Web,2026-02-09 18:00:00
10521,21,2026-02-10,Placed,Mobile,2026-02-10 18:00:00
10522,22,2026-02-11,Paid,Store,2026-02-11 18:00:00
10523,23,2026-02-12,Shipped,Web,2026-02-12 18:00:00
10524,24,2026-02-13,Delivered,Mobile,2026-02-13 18:00:00
10525,25,2026-02-14,Cancelled,Store,2026-02-14 18:00:00
10526,26,2026-02-15,Placed,Web,2026-02-15 18:00:00
10527,27,2026-02-16,Paid,Mobile,2026-02-16 18:00:00
10528,28,2026-02-17,Shipped,Store,2026-02-17 18:00:00
10529,29,2026-02-18,Delivered,Web,2026-02-18 18:00:00
10530,30,2026-02-19,Cancelled,Mobile,2026-02-19 18:00:00
10531,31,2026-02-20,Placed,Store,2026-02-20 18:00:00
10532,32,2026-02-21,Paid,Web,2026-02-21 18:00:00
10533,33,2026-02-22,Shipped,Mobile,2026-02-22 18:00:00
10534,34,2026-02-23,Delivered,Store,2026-02-23 18:00:00
10535,35,2026-02-24,Cancelled,Web,2026-02-24 18:00:00
10536,36,2026-02-25,Placed,Mobile,2026-02-25 18:00:00
10537,37,2026-02-26,Paid,Store,2026-02-26 18:00:00
10538,38,2026-02-27,Shipped,Web,2026-02-27 18:00:00
10539,39,2026-02-28,Delivered,Mobile,2026-02-28 18:00:00
10540,40,2026-03-01,Cancelled,Store,2026-03-01 18:00:00
10541,41,2026-03-02,Placed,Web,2026-03-02 18:00:00
10542,42,2026-03-03,Paid,Mobile,2026-03-03 18:00:00
10543,43,2026-03-04,Shipped,Store,2026-03-04 18:00:00
10544,44,2026-03-05,Delivered,Web,2026-03-05 18:00:00
10545,45,2026-03-06,Cancelled,Mobile,2026-03-06 18:00:00
10546,46,2026-03-07,Placed,Store,2026-03-07 18:00:00
10547,47,2026-03-08,Paid,Web,2026-03-08 18:00:00
10548,48,2026-03-09,Shipped,Mobile,2026-03-09 18:00:00
10549,49,2026-03-10,Delivered,Store,2026-03-10 18:00:00
10550,50,2026-03-11,Cancelled,Web,2026-03-11 18:00:00
10551,51,2026-03-12,Placed,Mobile,2026-03-12 18:00:00
10552,52,2026-03-13,Paid,Store,2026-03-13 18:00:00
10553,53,2026-03-14,Shipped,Web,2026-03-14 18:00:00
10554,54,2026-03-15,Delivered,Mobile,2026-03-15 18:00:00
10555,55,2026-03-16,Cancelled,Store,2026-03-16 18:00:00
10556,56,2026-03-17,Placed,Web,2026-03-17 18:00:00
10557,57,2026-03-18,Paid,Mobile,2026-03-18 18:00:00
10558,58,2026-03-19,Shipped,Store,2026-03-19 18:00:00
10559,59,2026-03-20,Delivered,Web,2026-03-20 18:00:00
10560,60,2026-03-21,Cancelled,Mobile,2026-03-21 18:00:00
10561,61,2026-03-22,Placed,Store,2026-03-22 18:00:00
10562,62,2026-03-23,Paid,Web,2026-03-23 18:00:00
10563,63,2026-03-24,Shipped,Mobile,2026-03-24 18:00:00
10564,64,2026-03-25,Delivered,Store,2026-03-25 18:00:00
10565,65,2026-03-26,Cancelled,Web,2026-03-26 18:00:00
10566,66,2026-03-27,Placed,Mobile,2026-03-27 18:00:00
10567,67,2026-03-28,Paid,Store,2026-03-28 18:00:00
10568,68,2026-03-29,Shipped,Web,2026-03-29 18:00:00
10569,69,2026-03-30,Delivered,Mobile,2026-03-30 18:00:00
10570,70,2026-03-31,Cancelled,Store,2026-03-31 18:00:00
10571,71,2026-04-01,Placed,Web,2026-04-01 18:00:00
10572,72,2026-04-02,Paid,Mobile,2026-04-02 18:00:00
10573,73,2026-04-03,Shipped,Store,2026-04-03 18:00:00
10574,74,2026-04-04,Delivered,Web,2026-04-04 18:00:00
10575,75,2026-04-05,Cancelled,Mobile,2026-04-05 18:00:00
10576,76,2026-04-06,Placed,Store,2026-04-06 18:00:00
10577,77,2026-04-07,Paid,Web,2026-04-07 18:00:00
10578,78,2026-04-08,Shipped,Mobile,2026-04-08 18:00:00
10579,79,2026-04-09,Delivered,Store,2026-04-09 18:00:00
10580,80,2026-04-10,Cancelled,Web,2026-04-10 18:00:00
10581,81,2026-04-11,Placed,Mobile,2026-04-11 18:00:00
10582,82,2026-04-12,Paid,Store,2026-04-12 18:00:00
10583,83,2026-04-13,Shipped,Web,2026-04-13 18:00:00
10584,84,2026-04-14,Delivered,Mobile,2026-04-14 18:00:00
10585,85,2026-04-15,Cancelled,Store,2026-04-15 18:00:00
10586,86,2026-04-16,Placed,Web,2026-04-16 18:00:00
10587,87,2026-04-17,Paid,Mobile,2026-04-17 18:00:00
10588,88,2026-04-18,Shipped,Store,2026-04-18 18:00:00
10589,89,2026-04-19,Delivered,Web,2026-04-19 18:00:00
10590,90,2026-04-20,Cancelled,Mobile,2026-04-20 18:00:00
10591,91,2026-04-21,Placed,Store,2026-04-21 18:00:00
10592,92,2026-04-22,Paid,Web,2026-04-22 18:00:00
10593,93,2026-04-23,Shipped,Mobile,2026-04-23 18:00:00
10594,94,2026-04-24,Delivered,Store,2026-04-24 18:00:00
10595,95,2026-04-25,Cancelled,Web,2026-04-25 18:00:00
10596,96,2026-04-26,Placed,Mobile,2026-04-26 18:00:00
10597,97,2026-04-27,Paid,Store,2026-04-27 18:00:00
10598,98,2026-04-28,Shipped,Web,2026-04-28 18:00:00
10599,99,2026-04-29,Delivered,Mobile,2026-04-29 18:00:00
10600,100,2026-04-30,Cancelled,Store,2026-04-30 18:00:00
